move_key,move_name,proposed_family,summary_ids,gameplay_categories,types,catalog_category,template,enabled_2d_modules,show_sheet_sprites,native_move_vfx,native_reuse_or_followup,approved_3d_move,data_path,sheet_path,background_path,foreground_path,source_start_frame,source_end_frame,source_fps,speed_scale,source_frame_duration_seconds,active_sound_cues,active_sound_names,sound_paths
aquajet,Aqua Jet,contact,aqua-jet,physical,water,physical_contact,imported_sheet,,True,not_implemented_in_move_driver,eigen move-effect ontbreekt,False,res://assets/battles/animations/aquajet/aquajet.json,res://assets/battles/animations/aquajet/PRAS- Aqua Jet.png,,,0,17,20,1.0,0.9,1,PRSFX- Aqua Jet.wav,"{""PRSFX- Aqua Jet.wav"": ""res://assets/battles/animations/aquajet/PRSFX- Aqua Jet.wav""}"
bodypress,Body Press,contact,body-press,physical,fighting,physical,imported_sheet,,False,not_implemented_in_move_driver,eigen move-effect ontbreekt,False,res://assets/battles/animations/bodypress/bodypress.json,,,,0,17,20,1,0.9,1,Slam,"{""Slam"": ""res://assets/battles/animations/bodypress/Slam.ogg""}"
extremespeed,Extreme Speed,contact,extreme-speed,physical,normal,physical,imported_sheet,,True,not_implemented_in_move_driver,eigen move-effect ontbreekt,False,res://assets/battles/animations/extremespeed/extremespeed.json,res://assets/battles/animations/bulletpunch/PRAS- Strike.png,res://assets/battles/animations/agility/PRAS- Speed BG.png,,0,34,20,1.15,1.522,3,PRSFX- Extremespeed1.wav; PRSFX- Extremespeed2.wav,"{""PRSFX- Extremespeed1.wav"": ""res://assets/battles/animations/extremespeed/PRSFX- Extremespeed1.wav"", ""PRSFX- Extremespeed2.wav"": ""res://assets/battles/animations/extremespeed/PRSFX- Extremespeed2.wav""}"
fakeout,Fake Out,contact,fake-out,physical,normal,uncategorized,imported_sheet,,True,not_implemented_in_move_driver,eigen move-effect ontbreekt,False,res://assets/battles/animations/fakeout/fakeout.json,res://assets/battles/animations/bulletpunch/PRAS- Strike.png,,,0,15,20,1,0.8,2,PRSFX- Fake Out1.wav; PRSFX- Fake Out2.wav,"{""PRSFX- Fake Out1.wav"": ""res://assets/battles/animations/fakeout/PRSFX- Fake Out1.wav"", ""PRSFX- Fake Out2.wav"": ""res://assets/battles/animations/fakeout/PRSFX- Fake Out2.wav""}"
flipturn,Flip Turn,contact,flip-turn,physical,water,physical_contact,imported_sheet,water_splash,False,not_implemented_in_move_driver,eigen move-effect ontbreekt,False,res://assets/battles/animations/flipturn/flipturn.json,res://assets/battles/animations/bubble/PRAS- Water.png,,,0,29,20,2.05,0.732,3,PRSFX- U-Turn2.wav; Water2; Water3,"{""PRSFX- U-Turn2.wav"": ""res://assets/battles/animations/uturn/PRSFX- U-Turn2.wav""}"
frustration,Frustration,contact,frustration,physical,normal,physical_contact,imported_sheet,,True,not_implemented_in_move_driver,eigen move-effect ontbreekt,False,res://assets/battles/animations/frustration/frustration.json,res://assets/battles/animations/bulletpunch/PRAS- Strike.png,,,0,24,20,1,1.25,4,PRSFX- Frustration1.wav; PRSFX- Frustration2.wav,"{""PRSFX- Frustration1.wav"": ""res://assets/battles/animations/frustration/PRSFX- Frustration1.wav"", ""PRSFX- Frustration2.wav"": ""res://assets/battles/animations/frustration/PRSFX- Frustration2.wav""}"
gigaimpact,Giga Impact,contact,giga-impact,physical,normal,physical_contact,imported_sheet,,True,not_implemented_in_move_driver,eigen move-effect ontbreekt,False,res://assets/battles/animations/gigaimpact/gigaimpact.json,res://assets/battles/animations/gigaimpact/PRAS- Me First.png,res://assets/battles/animations/gigaimpact/PRAS- Giga Impact BG.png,,0,38,20,1.12,1.741,2,PRSFX- Giga Impact1.wav; PRSFX- Giga Impact2.wav,"{""PRSFX- Giga Impact1.wav"": ""res://assets/battles/animations/gigaimpact/PRSFX- Giga Impact1.wav"", ""PRSFX- Giga Impact2.wav"": ""res://assets/battles/animations/gigaimpact/PRSFX- Giga Impact2.wav""}"
grassyglide,Grassy Glide,contact,grassy-glide,physical,grass,physical,custom_godot_effect,leaf_rush,False,not_implemented_in_move_driver,eigen move-effect ontbreekt,False,res://assets/battles/animations/grassyglide/grassyglide.json,,,,0,11,20,1,0.6,2,PRSFX- Leaf Blade.wav; PRSFX- Leafage 2.wav,"{""PRSFX- Leaf Blade.wav"": ""res://assets/battles/animations/grassyglide/PRSFX- Leaf Blade.wav"", ""PRSFX- Leafage 2.wav"": ""res://assets/battles/animations/grassyglide/PRSFX- Leafage 2.wav""}"
headsmash,Head Smash,contact,head-smash,physical,rock,physical,imported_sheet,,True,not_implemented_in_move_driver,eigen move-effect ontbreekt,False,res://assets/battles/animations/headsmash/headsmash.json,res://assets/battles/animations/continentalcrush/PRAS- Rock.png,,,0,13,20,1.25,0.56,1,PRSFX- Head Smash.wav,"{""PRSFX- Head Smash.wav"": ""res://assets/battles/animations/headsmash/PRSFX- Head Smash.wav""}"
headlongrush,Headlong Rush,contact,headlong-rush,physical,ground,physical,imported_sheet,,True,not_implemented_in_move_driver,eigen move-effect ontbreekt,False,res://assets/battles/animations/headlongrush/headlongrush.json,res://assets/battles/animations/bulletpunch/PRAS- Strike.png,res://assets/battles/animations/breakneckblitz/PRAS- Earthquake BG.png,,0,21,20,1.3,0.846,1,PRSFX- Bulldoze,"{""PRSFX- Bulldoze"": ""res://assets/battles/animations/headlongrush/PRSFX- Bulldoze.wav""}"
ironhead,Iron Head,contact,iron-head,physical,steel,physical,imported_sheet,,True,not_implemented_in_move_driver,eigen move-effect ontbreekt,False,res://assets/battles/animations/ironhead/ironhead.json,res://assets/battles/animations/ironhead/PRAS- Iron Head.png,,,0,15,20,1.5,0.533,1,PRSFX- Iron Head.wav,"{""PRSFX- Iron Head.wav"": ""res://assets/battles/animations/ironhead/PRSFX- Iron Head.wav""}"
knockoff,Knock Off,contact,knock-off,physical,dark,physical_contact,imported_sheet,,True,not_implemented_in_move_driver,eigen move-effect ontbreekt,False,res://assets/battles/animations/knockoff/knockoff.json,res://assets/battles/animations/bulletpunch/PRAS- Strike.png,,,0,19,20,1.35,0.741,1,PRSFX- Knock Off.wav,"{""PRSFX- Knock Off.wav"": ""res://assets/battles/animations/knockoff/PRSFX- Knock Off.wav""}"
outrage,Outrage,contact,outrage,physical,dragon,special_projectile,imported_sheet,,True,not_implemented_in_move_driver,eigen move-effect ontbreekt,False,res://assets/battles/animations/outrage/outrage.json,res://assets/battles/animations/ember/PRAS- Fire.png,res://assets/battles/animations/outrage/PRAS- Outrage BG.png,,0,27,20,1,1.4,3,PRSFX- Outrage1.wav; PRSFX- Outrage2.wav,"{""PRSFX- Outrage1.wav"": ""res://assets/battles/animations/outrage/PRSFX- Outrage1.wav"", ""PRSFX- Outrage2.wav"": ""res://assets/battles/animations/outrage/PRSFX- Outrage2.wav""}"
pursuit,Pursuit,contact,pursuit,physical,dark,physical,imported_sheet,,True,not_implemented_in_move_driver,eigen move-effect ontbreekt,False,res://assets/battles/animations/pursuit/pursuit.json,res://assets/battles/animations/astonish/PRAS- Shadow Sneak.png,,,0,44,20,1.35,1.667,2,PRSFX- Pursuit1.wav; PRSFX- Pursuit2.wav,"{""PRSFX- Pursuit1.wav"": ""res://assets/battles/animations/pursuit/PRSFX- Pursuit1.wav"", ""PRSFX- Pursuit2.wav"": ""res://assets/battles/animations/pursuit/PRSFX- Pursuit2.wav""}"
quickattack,Quick Attack,contact,quick-attack,physical,normal,physical_contact,imported_sheet,,True,not_implemented_in_move_driver,eigen move-effect ontbreekt,False,res://assets/battles/animations/quickattack/quickattack.json,res://assets/battles/animations/bulletpunch/PRAS- Strike.png,,,0,13,20,1.55,0.452,1,PRSFX- Quick Attack.wav,"{""PRSFX- Quick Attack.wav"": ""res://assets/battles/animations/quickattack/PRSFX- Quick Attack.wav""}"
rapidspin,Rapid Spin,contact,rapid-spin,physical,normal,physical_contact,imported_sheet,,True,not_implemented_in_move_driver,eigen move-effect ontbreekt,False,res://assets/battles/animations/rapidspin/rapidspin.json,res://assets/battles/animations/dragondance/PRAS- Dragon Dance.png,,,0,21,20,1.25,0.88,3,PRSFX- Rapid Spin.wav,"{""PRSFX- Rapid Spin.wav"": ""res://assets/battles/animations/rapidspin/PRSFX- Rapid Spin.wav""}"
return,Return,contact,return,physical,normal,physical_contact,imported_sheet,,True,not_implemented_in_move_driver,eigen move-effect ontbreekt,False,res://assets/battles/animations/return/return.json,res://assets/battles/animations/charm/PRAS- Love.png,,,0,15,20,1,0.8,2,PRSFX- Return1.wav; PRSFX- Return2.wav,"{""PRSFX- Return1.wav"": ""res://assets/battles/animations/return/PRSFX- Return1.wav"", ""PRSFX- Return2.wav"": ""res://assets/battles/animations/return/PRSFX- Return2.wav""}"
rollout,Rollout,contact,rollout,physical,rock,physical_contact,imported_sheet,,True,not_implemented_in_move_driver,eigen move-effect ontbreekt,False,res://assets/battles/animations/rollout/rollout.json,res://assets/battles/animations/rollout/PRAS- Rollout.png,,,0,43,20,1.0,2.2,2,PRSFX- Rollout1.wav; PRSFX- Rollout2.wav,"{""PRSFX- Rollout1.wav"": ""res://assets/battles/animations/rollout/PRSFX- Rollout1.wav"", ""PRSFX- Rollout2.wav"": ""res://assets/battles/animations/rollout/PRSFX- Rollout2.wav""}"
spark,Spark,contact,spark,physical,electric,special_projectile,imported_sheet,,True,not_implemented_in_move_driver,eigen move-effect ontbreekt,False,res://assets/battles/animations/spark/spark.json,res://assets/battles/animations/electricterrain/PRAS- Electric.png,,,0,22,20,1.0,1.15,2,PRSFX- Spark1.wav; PRSFX- Spark2.wav,"{""PRSFX- Spark1.wav"": ""res://assets/battles/animations/spark/PRSFX- Spark1.wav"", ""PRSFX- Spark2.wav"": ""res://assets/battles/animations/spark/PRSFX- Spark2.wav""}"
tackle,Tackle,contact,tackle,physical,normal,physical_contact,imported_sheet,,True,not_implemented_in_move_driver,eigen move-effect ontbreekt,False,res://assets/battles/animations/tackle/tackle.json,res://assets/battles/animations/bulletpunch/PRAS- Strike.png,,,0,6,20,1,0.35,1,PRSFX- Tackle.wav,"{""PRSFX- Tackle.wav"": ""res://assets/battles/animations/tackle/PRSFX- Tackle.wav""}"
uturn,U-turn,contact,u-turn,physical,bug,physical_contact,imported_sheet,,True,not_implemented_in_move_driver,eigen move-effect ontbreekt,False,res://assets/battles/animations/uturn/uturn.json,res://assets/battles/animations/uturn/PRAS- U-Turn.png,,,0,27,20,1.35,1.037,1,PRSFX- U-Turn2.wav,"{""PRSFX- U-Turn2.wav"": ""res://assets/battles/animations/uturn/PRSFX- U-Turn2.wav""}"
woodhammer,Wood Hammer,contact,wood-hammer,physical,grass,physical,imported_sheet,,True,not_implemented_in_move_driver,eigen move-effect ontbreekt,False,res://assets/battles/animations/woodhammer/woodhammer.json,res://assets/battles/animations/woodhammer/PRAS- Wood Hammer.png,,,0,11,20,1,0.6,1,PRSFX- Wood Hammer.wav,"{""PRSFX- Wood Hammer.wav"": ""res://assets/battles/animations/woodhammer/PRSFX- Wood Hammer.wav""}"
bulletpunch,Bullet Punch,strikes,bullet-punch,physical,steel,physical,imported_sheet,bullet_punch,False,not_implemented_in_move_driver,eigen move-effect ontbreekt,False,res://assets/battles/animations/bulletpunch/bulletpunch.json,res://assets/battles/animations/bulletpunch/PRAS- Strike.png,,,0,9,20,1,0.5,1,PRSFX- Bullet Punch.wav,"{""PRSFX- Bullet Punch.wav"": ""res://assets/battles/animations/bulletpunch/PRSFX- Bullet Punch.wav""}"
closecombat,Close Combat,strikes,close-combat,physical,fighting,physical,imported_sheet,,True,not_implemented_in_move_driver,eigen move-effect ontbreekt,False,res://assets/battles/animations/closecombat/closecombat.json,res://assets/battles/animations/bulletpunch/PRAS- Strike.png,res://assets/battles/animations/closecombat/PRAS- Spotlight BG.png,,0,36,20,1.22,1.516,5,PRSFX- Close Combat.wav,"{""PRSFX- Close Combat.wav"": ""res://assets/battles/animations/closecombat/PRSFX- Close Combat.wav""}"
doublekick,Double Kick,strikes,double-kick,physical,fighting,physical_contact,imported_sheet,,True,not_implemented_in_move_driver,eigen move-effect ontbreekt,False,res://assets/battles/animations/doublekick/doublekick.json,res://assets/battles/animations/bulletpunch/PRAS- Strike.png,,,0,5,20,1.0,0.3,1,PRSFX- Double Kick.wav,"{""PRSFX- Double Kick.wav"": ""res://assets/battles/animations/doublekick/PRSFX- Double Kick.wav""}"
drainpunch,Drain Punch,strikes,drain-punch,physical,fighting,physical,imported_sheet,,True,not_implemented_in_move_driver,generieke health_up bestaat; eigen move-effect/energieoverdracht ontbreekt,False,res://assets/battles/animations/drainpunch/drainpunch.json,res://assets/battles/animations/drainpunch/PRAS- Drain Punch.png,,,0,17,20,1,0.9,2,PRSFX- Drain Punch1.wav; PRSFX- Drain Punch2.wav,"{""PRSFX- Drain Punch1.wav"": ""res://assets/battles/animations/drainpunch/PRSFX- Drain Punch1.wav"", ""PRSFX- Drain Punch2.wav"": ""res://assets/battles/animations/drainpunch/PRSFX- Drain Punch2.wav""}"
firepunch,Fire Punch,strikes,fire-punch,physical,fire,physical,imported_sheet,,True,not_implemented_in_move_driver,eigen move-effect ontbreekt,False,res://assets/battles/animations/firepunch/firepunch.json,res://assets/battles/animations/firepunch/PRAS- Elemental Punch.png,,,0,14,20,1,0.75,3,PRSFX- Fire Punch1.wav; PRSFX- Fire Punch2.wav; PRSFX- Fire Punch3.wav,"{""PRSFX- Fire Punch1.wav"": ""res://assets/battles/animations/firepunch/PRSFX- Fire Punch1.wav"", ""PRSFX- Fire Punch2.wav"": ""res://assets/battles/animations/firepunch/PRSFX- Fire Punch2.wav"", ""PRSFX- Fire Punch3.wav"": ""res://assets/battles/animations/firepunch/PRSFX- Fire Punch3.wav""}"
highjumpkick,High Jump Kick,strikes,high-jump-kick,physical,fighting,physical_contact,imported_sheet,,True,not_implemented_in_move_driver,eigen move-effect ontbreekt,False,res://assets/battles/animations/highjumpkick/highjumpkick.json,res://assets/battles/animations/bulletpunch/PRAS- Strike.png,,,0,29,20,1.12,1.339,2,PRSFX- Hi Jump Kick1.wav; PRSFX- Hi Jump Kick2.wav,"{""PRSFX- Hi Jump Kick1.wav"": ""res://assets/battles/animations/highjumpkick/PRSFX- Hi Jump Kick1.wav"", ""PRSFX- Hi Jump Kick2.wav"": ""res://assets/battles/animations/highjumpkick/PRSFX- Hi Jump Kick2.wav""}"
icepunch,Ice Punch,strikes,ice-punch,physical,ice,physical,imported_sheet,,True,not_implemented_in_move_driver,eigen move-effect ontbreekt,False,res://assets/battles/animations/icepunch/icepunch.json,res://assets/battles/animations/firepunch/PRAS- Elemental Punch.png,,,0,17,20,1,0.9,4,PRSFX- Ice Punch1.wav; PRSFX- Ice Punch2.wav,"{""PRSFX- Ice Punch1.wav"": ""res://assets/battles/animations/icepunch/PRSFX- Ice Punch1.wav"", ""PRSFX- Ice Punch2.wav"": ""res://assets/battles/animations/icepunch/PRSFX- Ice Punch2.wav""}"
lowkick,Low Kick,strikes,low-kick,physical,fighting,physical_contact,imported_sheet,,True,not_implemented_in_move_driver,eigen move-effect ontbreekt,False,res://assets/battles/animations/lowkick/lowkick.json,res://assets/battles/animations/bulletpunch/PRAS- Strike.png,,,0,13,20,1.0,0.7,1,PRSFX- Low Kick.wav,"{""PRSFX- Low Kick.wav"": ""res://assets/battles/animations/lowkick/PRSFX- Low Kick.wav""}"
pound,Pound,strikes,pound,physical,normal,physical_contact,imported_sheet,,True,not_implemented_in_move_driver,eigen move-effect ontbreekt,False,res://assets/battles/animations/pound/pound.json,res://assets/battles/animations/bulletpunch/PRAS- Strike.png,,,0,8,20,1,0.45,1,PRSFX- Pound.wav,"{""PRSFX- Pound.wav"": ""res://assets/battles/animations/pound/PRSFX- Pound.wav""}"
rocksmash,Rock Smash,strikes,rock-smash,physical,fighting,physical_contact,imported_sheet,,True,not_implemented_in_move_driver,eigen move-effect ontbreekt,False,res://assets/battles/animations/rocksmash/rocksmash.json,res://assets/battles/animations/rocksmash/PRAS- Rock Smash.png,,,0,17,20,1.0,0.9,1,PRSFX- Rock Smash.wav,"{""PRSFX- Rock Smash.wav"": ""res://assets/battles/animations/rocksmash/PRSFX- Rock Smash.wav""}"
suckerpunch,Sucker Punch,strikes,sucker-punch,physical,dark,physical,imported_sheet,orb_projectile,True,not_implemented_in_move_driver,eigen move-effect ontbreekt,False,res://assets/battles/animations/suckerpunch/suckerpunch.json,res://assets/battles/animations/bulletpunch/PRAS- Strike.png,,,0,24,20,1.5,0.833,2,PRSFX- Sucker Punch1.wav; PRSFX- Sucker Punch2.wav,"{""PRSFX- Sucker Punch1.wav"": ""res://assets/battles/animations/suckerpunch/PRSFX- Sucker Punch1.wav"", ""PRSFX- Sucker Punch2.wav"": ""res://assets/battles/animations/suckerpunch/PRSFX- Sucker Punch2.wav""}"
superpower,Superpower,strikes,superpower,physical,fighting,physical,imported_sheet,,True,not_implemented_in_move_driver,eigen move-effect ontbreekt,False,res://assets/battles/animations/superpower/superpower.json,res://assets/battles/animations/bulletpunch/PRAS- Strike.png,,,0,25,20,1,1.3,2,PRSFX- Superpower1.wav; PRSFX- Superpower2.wav,"{""PRSFX- Superpower1.wav"": ""res://assets/battles/animations/superpower/PRSFX- Superpower1.wav"", ""PRSFX- Superpower2.wav"": ""res://assets/battles/animations/superpower/PRSFX- Superpower2.wav""}"
thunderpunch,Thunder Punch,strikes,thunder-punch,physical,electric,physical,imported_sheet,thunder_punch,True,not_implemented_in_move_driver,eigen move-effect ontbreekt,False,res://assets/battles/animations/thunderpunch/thunderpunch.json,res://assets/battles/animations/firepunch/PRAS- Elemental Punch.png,res://assets/battles/animations/blackholeeclipse/PRAS- Black BG.png,,0,24,20,1,1.25,2,PRSFX- Thunder Punch1.wav; PRSFX- Thunder Punch2.wav,"{""PRSFX- Thunder Punch1.wav"": ""res://assets/battles/animations/thunderpunch/PRSFX- Thunder Punch1.wav"", ""PRSFX- Thunder Punch2.wav"": ""res://assets/battles/animations/thunderpunch/PRSFX- Thunder Punch2.wav""}"
astonish,Astonish,claws,astonish,physical,ghost,physical,imported_sheet,,True,not_implemented_in_move_driver,eigen move-effect ontbreekt,False,res://assets/battles/animations/astonish/astonish.json,res://assets/battles/animations/astonish/PRAS- Shadow Sneak.png,,,0,11,20,1,0.6,2,PRSFX- Astonish1.wav; PRSFX- Astonish2.wav,"{""PRSFX- Astonish1.wav"": ""res://assets/battles/animations/astonish/PRSFX- Astonish1.wav"", ""PRSFX- Astonish2.wav"": ""res://assets/battles/animations/astonish/PRSFX- Astonish2.wav""}"
bite,Bite,claws,bite,physical,dark,physical_contact,imported_sheet,,True,not_implemented_in_move_driver,eigen move-effect ontbreekt,False,res://assets/battles/animations/bite/bite.json,res://assets/battles/animations/bite/PRAS- Bite.png,,,0,13,20,1,0.7,1,PRSFX- Bite.wav,"{""PRSFX- Bite.wav"": ""res://assets/battles/animations/bite/PRSFX- Bite.wav""}"
bugbite,Bug Bite,claws,bug-bite,physical,bug,physical_contact,imported_sheet,,True,not_implemented_in_move_driver,eigen move-effect ontbreekt,False,res://assets/battles/animations/bugbite/bugbite.json,res://assets/battles/animations/bugbite/PRAS- Bug Bite.png,,,0,20,20,1.0,1.05,2,PRSFX- Bug Bite.wav,"{""PRSFX- Bug Bite.wav"": ""res://assets/battles/animations/bugbite/PRSFX- Bug Bite.wav""}"
ceaselessedge,Ceaseless Edge,claws,ceaseless-edge,physical,dark,uncategorized,imported_sheet,,True,not_implemented_in_move_driver,eigen move-effect ontbreekt,False,res://assets/battles/animations/ceaselessedge/ceaselessedge.json,res://assets/battles/animations/ceaselessedge/PRAS- Slash.png,res://assets/battles/animations/ceaselessedge/PRAS- Ominous Wind BG.png,,0,15,20,1,0.8,2,PRSFX- Night Slash1.wav; PRSFX- Night Slash2.wav,"{""PRSFX- Night Slash1.wav"": ""res://assets/battles/animations/ceaselessedge/PRSFX- Night Slash1.wav"", ""PRSFX- Night Slash2.wav"": ""res://assets/battles/animations/ceaselessedge/PRSFX- Night Slash2.wav""}"
dragonclaw,Dragon Claw,claws,dragon-claw,physical,dragon,physical,imported_sheet,dragon_claw,False,not_implemented_in_move_driver,eigen move-effect ontbreekt,False,res://assets/battles/animations/dragonclaw/dragonclaw.json,res://assets/battles/animations/dragonclaw/PRAS- Dragon Claw.png,,,0,17,20,1,0.9,1,PRSFX- Dragon Claw.wav,"{""PRSFX- Dragon Claw.wav"": ""res://assets/battles/animations/dragonclaw/PRSFX- Dragon Claw.wav""}"
furyattack,Fury Attack,claws,fury-attack,physical,normal,physical_contact,imported_sheet,,True,not_implemented_in_move_driver,eigen move-effect ontbreekt,False,res://assets/battles/animations/furyattack/furyattack.json,res://assets/battles/animations/ceaselessedge/PRAS- Slash.png,,,0,7,20,1.0,0.4,1,PRSFX- Fury Attack.wav,"{""PRSFX- Fury Attack.wav"": ""res://assets/battles/animations/furyattack/PRSFX- Fury Attack.wav""}"
kowtowcleave,Kowtow Cleave,claws,kowtow-cleave,physical,dark,physical,imported_sheet,,True,not_implemented_in_move_driver,eigen move-effect ontbreekt,False,res://assets/battles/animations/kowtowcleave/kowtowcleave.json,res://assets/battles/animations/kowtowcleave/009-Weapon04.png,res://assets/battles/animations/kowtowcleave/PRAS- Dark Void BG.png,,0,27,20,1.3,1.077,2,Ace; Darkness2,"{""Ace"": ""res://assets/battles/animations/kowtowcleave/Ace.ogg"", ""Darkness2"": ""res://assets/battles/animations/kowtowcleave/Darkness2.ogg""}"
lick,Lick,claws,lick,physical,ghost,physical_contact,imported_sheet,,True,not_implemented_in_move_driver,eigen move-effect ontbreekt,False,res://assets/battles/animations/lick/lick.json,res://assets/battles/animations/lick/PRAS- Sketch + Lick.png,,,0,14,20,1.0,0.75,1,PRSFX- Lick.wav,"{""PRSFX- Lick.wav"": ""res://assets/battles/animations/lick/PRSFX- Lick.wav""}"
peck,Peck,claws,peck,physical,flying,physical_contact,imported_sheet,,True,not_implemented_in_move_driver,eigen move-effect ontbreekt,False,res://assets/battles/animations/peck/peck.json,res://assets/battles/animations/bulletpunch/PRAS- Strike.png,,,0,9,20,1.0,0.5,3,PRSFX- Peck.wav,"{""PRSFX- Peck.wav"": ""res://assets/battles/animations/peck/PRSFX- Peck.wav""}"
razorshell,Razor Shell,claws,razor-shell,physical,water,uncategorized,imported_sheet,,True,not_implemented_in_move_driver,eigen move-effect ontbreekt,False,res://assets/battles/animations/razorshell/razorshell.json,res://assets/battles/animations/razorshell/PRAS- Razor Shell.png,,,0,20,20,1,1.05,1,PRSFX- Razor Shell.wav,"{""PRSFX- Razor Shell.wav"": ""res://assets/battles/animations/razorshell/PRSFX- Razor Shell.wav""}"
scratch,Scratch,claws,scratch,physical,normal,physical_contact,imported_sheet,,True,not_implemented_in_move_driver,eigen move-effect ontbreekt,False,res://assets/battles/animations/scratch/scratch.json,res://assets/battles/animations/ceaselessedge/PRAS- Slash.png,,,0,7,20,1,0.4,1,PRSFX- Scratch.wav,"{""PRSFX- Scratch.wav"": ""res://assets/battles/animations/scratch/PRSFX- Scratch.wav""}"
vinewhip,Vine Whip,claws,vine-whip,physical,grass,physical_contact,imported_sheet,,True,not_implemented_in_move_driver,eigen move-effect ontbreekt,False,res://assets/battles/animations/vinewhip/vinewhip.json,res://assets/battles/animations/grassyterrain/PRAS- Grass.png,,,0,13,20,1,0.7,1,PRSFX- Vine Whip.wav,"{""PRSFX- Vine Whip.wav"": ""res://assets/battles/animations/vinewhip/PRSFX- Vine Whip.wav""}"
wingattack,Wing Attack,claws,wing-attack,physical,flying,physical_contact,imported_sheet,,True,not_implemented_in_move_driver,eigen move-effect ontbreekt,False,res://assets/battles/animations/wingattack/wingattack.json,res://assets/battles/animations/ceaselessedge/PRAS- Slash.png,,,0,13,20,1.0,0.7,2,PRSFX- Wing Attack1.wav; PRSFX- Wing Attack2.wav,"{""PRSFX- Wing Attack1.wav"": ""res://assets/battles/animations/wingattack/PRSFX- Wing Attack1.wav"", ""PRSFX- Wing Attack2.wav"": ""res://assets/battles/animations/wingattack/PRSFX- Wing Attack2.wav""}"
dragonbreath,Dragon Breath,beams,dragon-breath,special,dragon,special_projectile,imported_sheet,dragon_breath,False,not_implemented_in_move_driver,eigen move-effect ontbreekt,False,res://assets/battles/animations/dragonbreath/dragonbreath.json,,,,0,14,20,1.0,0.75,2,PRSFX- Dragon Breath.wav,"{""PRSFX- Dragon Breath.wav"": ""res://assets/battles/animations/dragonbreath/PRSFX- Dragon Breath.wav""}"
electroshot,Electro Shot,beams,electro-shot,special,electric,projectile,imported_sheet,solar_beam,True,not_implemented_in_move_driver,ook electro_shot_charge ontbreekt,False,res://assets/battles/animations/electroshot/electroshot.json,res://assets/battles/animations/catastropika/PRAS- Catastropika.png,,,13,31,20,1.12,0.848,2,PRSFX- Thunderbolt2; PRSFX- Wild Charge2,"{""GEN8- Electricity1"": ""res://assets/battles/animations/electroshot/GEN8- Electricity1.wav"", ""PRSFX- Thunderbolt2"": ""res://assets/battles/animations/electroshot/PRSFX- Thunderbolt2.wav"", ""PRSFX- Wild Charge2"": ""res://assets/battles/animations/electroshot/PRSFX- Wild Charge2.wav""}"
flamethrower,Flamethrower,beams,flamethrower,special,fire,beam,imported_sheet,fire_stream,False,not_implemented_in_move_driver,eigen move-effect ontbreekt,False,res://assets/battles/animations/flamethrower/flamethrower.json,res://assets/battles/animations/ember/PRAS- Fire.png,,,0,18,20,1.25,0.76,3,PRSFX- Flamethrower.wav,"{""PRSFX- Flamethrower.wav"": ""res://assets/battles/animations/flamethrower/PRSFX- Flamethrower.wav""}"
flashcannon,Flash Cannon,beams,flash-cannon,special,steel,projectile,imported_sheet,solar_beam,False,not_implemented_in_move_driver,eigen move-effect ontbreekt,False,res://assets/battles/animations/flashcannon/flashcannon.json,res://assets/battles/animations/flashcannon/PRAS- Flash Cannon.png,,,0,47,20,1.16,2.069,1,PRSFX- Flash Cannon.wav,"{""PRSFX- Flash Cannon.wav"": ""res://assets/battles/animations/flashcannon/PRSFX- Flash Cannon.wav""}"
hyperbeam,Hyper Beam,beams,hyper-beam,special,normal,beam,imported_sheet,solar_beam,False,not_implemented_in_move_driver,eigen move-effect ontbreekt,False,res://assets/battles/animations/hyperbeam/hyperbeam.json,res://assets/battles/animations/hyperbeam/PRAS- Hyper Beam.png,res://assets/battles/animations/hyperbeam/PRAS- Hyper Beam BG.png,,0,54,20,1.08,2.546,1,PRSFX- Hyper Beam.wav,"{""PRSFX- Hyper Beam.wav"": ""res://assets/battles/animations/hyperbeam/PRSFX- Hyper Beam.wav""}"
icebeam,Ice Beam,beams,ice-beam,special,ice,beam,imported_sheet,solar_beam,False,not_implemented_in_move_driver,eigen move-effect ontbreekt,False,res://assets/battles/animations/icebeam/icebeam.json,res://assets/battles/animations/blizzard/PRAS- Ice.png,,,0,27,20,1.16,1.207,1,PRSFX- Ice Beam.wav,"{""PRSFX- Ice Beam.wav"": ""res://assets/battles/animations/icebeam/PRSFX- Ice Beam.wav""}"
scald,Scald,beams,scald,special,water,projectile,imported_sheet,fire_stream,True,not_implemented_in_move_driver,eigen move-effect ontbreekt,False,res://assets/battles/animations/scald/scald.json,res://assets/battles/animations/scald/PRAS- Scald.png,,,0,19,20,1.12,0.893,2,PRSFX- Scald1.wav; PRSFX- Scald2.wav,"{""PRSFX- Scald1.wav"": ""res://assets/battles/animations/scald/PRSFX- Scald1.wav"", ""PRSFX- Scald2.wav"": ""res://assets/battles/animations/scald/PRSFX- Scald2.wav""}"
solarbeam,Solar Beam,beams,solar-beam,special,grass,projectile,imported_sheet,solar_beam,False,not_implemented_in_move_driver,ook solar_beam_charge ontbreekt,False,res://assets/battles/animations/solarbeam/solarbeam.json,res://assets/battles/animations/mistyterrain/PRAS- Orbs.png,,res://assets/battles/animations/bloomdoom/PRAS- Flash FG.png,0,34,20,1.08,1.62,1,PRSFX- Solar Beam2.wav,"{""PRSFX- Solar Beam2.wav"": ""res://assets/battles/animations/solarbeam/PRSFX- Solar Beam2.wav""}"
thunderbolt,Thunderbolt,beams,thunderbolt,special,electric,beam,imported_sheet,electric_switch,False,not_implemented_in_move_driver,eigen move-effect ontbreekt,False,res://assets/battles/animations/thunderbolt/thunderbolt.json,res://assets/battles/animations/electricterrain/PRAS- Electric.png,res://assets/battles/animations/blackholeeclipse/PRAS- Black BG.png,res://assets/battles/animations/bloomdoom/PRAS- Flash FG.png,0,26,20,1.15,1.174,2,PRSFX- Thunderbolt1.wav; PRSFX- Thunderbolt2.wav,"{""PRSFX- Thunderbolt1.wav"": ""res://assets/battles/animations/thunderbolt/PRSFX- Thunderbolt1.wav"", ""PRSFX- Thunderbolt2.wav"": ""res://assets/battles/animations/thunderbolt/PRSFX- Thunderbolt2.wav""}"
voltswitch,Volt Switch,beams,volt-switch,special,electric,projectile,imported_sheet,electric_switch,False,not_implemented_in_move_driver,eigen move-effect ontbreekt,False,res://assets/battles/animations/voltswitch/voltswitch.json,res://assets/battles/animations/electricterrain/PRAS- Electric.png,,,0,25,20,2.0,0.65,2,PRSFX- Volt Switch1.wav; PRSFX- Volt Switch2.wav,"{""PRSFX- Volt Switch1.wav"": ""res://assets/battles/animations/voltswitch/PRSFX- Volt Switch1.wav"", ""PRSFX- Volt Switch2.wav"": ""res://assets/battles/animations/voltswitch/PRSFX- Volt Switch2.wav""}"
watergun,Water Gun,beams,water-gun,special,water,projectile,imported_sheet,water_splash,False,not_implemented_in_move_driver,eigen move-effect ontbreekt,False,res://assets/battles/animations/watergun/watergun.json,,,,0,16,20,1.0,0.85,1,PRSFX- Water Gun.wav,"{""PRSFX- Water Gun.wav"": ""res://assets/battles/animations/watergun/PRSFX- Water Gun.wav""}"
bubble,Bubble,projectiles,bubble,special,water,projectile,imported_sheet,,True,not_implemented_in_move_driver,eigen move-effect ontbreekt,False,res://assets/battles/animations/bubble/bubble.json,res://assets/battles/animations/bubble/PRAS- Water.png,,,0,29,20,1.0,1.5,1,PRSFX- Bubble.wav,"{""PRSFX- Bubble.wav"": ""res://assets/battles/animations/bubble/PRSFX- Bubble.wav""}"
ember,Ember,projectiles,ember,special,fire,projectile,imported_sheet,,True,not_implemented_in_move_driver,eigen move-effect ontbreekt,False,res://assets/battles/animations/ember/ember.json,res://assets/battles/animations/ember/PRAS- Fire.png,,,0,14,20,1,0.75,1,PRSFX- Ember.wav,"{""PRSFX- Ember.wav"": ""res://assets/battles/animations/ember/PRSFX- Ember.wav""}"
fairywind,Fairy Wind,projectiles,fairy-wind,special,fairy,special_projectile,imported_sheet,,True,not_implemented_in_move_driver,eigen move-effect ontbreekt,False,res://assets/battles/animations/fairywind/fairywind.json,res://assets/battles/animations/fairywind/PRAS- Fairy Wind.png,res://assets/battles/animations/fairywind/PRAS- Fairy Wind BG.png,,0,34,20,1.0,1.75,1,PRSFX- Fairy Wind.wav,"{""PRSFX- Fairy Wind.wav"": ""res://assets/battles/animations/fairywind/PRSFX- Fairy Wind.wav""}"
focusblast,Focus Blast,projectiles,focus-blast,special,fighting,projectile,imported_sheet,energy_blast,False,not_implemented_in_move_driver,eigen move-effect ontbreekt,False,res://assets/battles/animations/focusblast/focusblast.json,res://assets/battles/animations/focusblast/PRAS- Tri Attack.png,,,0,22,20,1.18,0.975,1,PRSFX- Focus Blast1.wav,"{""PRSFX- Focus Blast1.wav"": ""res://assets/battles/animations/focusblast/PRSFX- Focus Blast1.wav""}"
hiddenpower,Hidden Power,projectiles,hidden-power,special,normal,special_projectile,custom_godot_effect,orb_barrage,False,not_implemented_in_move_driver,eigen move-effect ontbreekt,False,res://assets/battles/animations/hiddenpower/hiddenpower.json,res://assets/battles/animations/hiddenpower/PRAS- Hidden Power.png,,,0,16,20,1.08,0.787,2,PRSFX- Hidden Power1.wav; PRSFX- Hidden Power2.wav,"{""PRSFX- Hidden Power1.wav"": ""res://assets/battles/animations/hiddenpower/PRSFX- Hidden Power1.wav"", ""PRSFX- Hidden Power2.wav"": ""res://assets/battles/animations/hiddenpower/PRSFX- Hidden Power2.wav""}"
iceshard,Ice Shard,projectiles,ice-shard,physical,ice,projectile,imported_sheet,energy_blast,False,not_implemented_in_move_driver,eigen move-effect ontbreekt,False,res://assets/battles/animations/iceshard/iceshard.json,res://assets/battles/animations/blizzard/PRAS- Ice.png,,,0,19,20,1.0,1.0,1,PRSFX- Ice Shard.wav,"{""PRSFX- Ice Shard.wav"": ""res://assets/battles/animations/iceshard/PRSFX- Ice Shard.wav""}"
leafage,Leafage,projectiles,leafage,physical,grass,projectile,imported_sheet,,True,not_implemented_in_move_driver,eigen move-effect ontbreekt,False,res://assets/battles/animations/leafage/leafage.json,res://assets/battles/animations/grassyterrain/PRAS- Grass.png,,,0,29,20,1,1.5,2,PRSFX- Leafage 1.wav; PRSFX- Leafage 2.wav,"{""PRSFX- Leafage 1.wav"": ""res://assets/battles/animations/leafage/PRSFX- Leafage 1.wav"", ""PRSFX- Leafage 2.wav"": ""res://assets/battles/animations/leafage/PRSFX- Leafage 2.wav""}"
magicalleaf,Magical Leaf,projectiles,magical-leaf,special,grass,projectile,imported_sheet,,True,not_implemented_in_move_driver,eigen move-effect ontbreekt,False,res://assets/battles/animations/magicalleaf/magicalleaf.json,res://assets/battles/animations/magicalleaf/PRAS- Magical Leaf.png,,,0,28,20,1.0,1.45,4,PRSFX- Magical Leaf1.wav; PRSFX- Magical Leaf2.wav,"{""PRSFX- Magical Leaf1.wav"": ""res://assets/battles/animations/magicalleaf/PRSFX- Magical Leaf1.wav"", ""PRSFX- Magical Leaf2.wav"": ""res://assets/battles/animations/magicalleaf/PRSFX- Magical Leaf2.wav""}"
moonblast,Moonblast,projectiles,moonblast,special,fairy,beam,imported_sheet,energy_blast; celestial_charge,False,not_implemented_in_move_driver,eigen move-effect ontbreekt,False,res://assets/battles/animations/moonblast/moonblast.json,res://assets/battles/animations/moonblast/PRAS- Moonblast.png,res://assets/battles/animations/moonblast/PRAS- Starry BG.png,res://assets/battles/animations/moonblast/PRAS- Moonblast FG.png,0,59,20,1.12,2.679,2,PRSFX- Moonblast1.wav; PRSFX- Moonblast2.wav,"{""PRSFX- Moonblast1.wav"": ""res://assets/battles/animations/moonblast/PRSFX- Moonblast1.wav"", ""PRSFX- Moonblast2.wav"": ""res://assets/battles/animations/moonblast/PRSFX- Moonblast2.wav""}"
mudslap,Mud-Slap,projectiles,mud-slap,special,ground,projectile,imported_sheet,,True,not_implemented_in_move_driver,eigen move-effect ontbreekt,False,res://assets/battles/animations/mudslap/mudslap.json,res://assets/battles/animations/mudslap/PRAS- Mud Slap.png,,,0,17,20,1.0,0.9,2,PRSFX- Mud Slap.wav,"{""PRSFX- Mud Slap.wav"": ""res://assets/battles/animations/mudslap/PRSFX- Mud Slap.wav""}"
poisonsting,Poison Sting,projectiles,poison-sting,physical,poison,status_projectile,imported_sheet,,True,not_implemented_in_move_driver,eigen move-effect ontbreekt,False,res://assets/battles/animations/poisonsting/poisonsting.json,res://assets/battles/animations/poisonsting/PRAS- Poison Sting.png,,,0,25,20,1.0,1.3,1,PRSFX- Poison Sting.wav,"{""PRSFX- Poison Sting.wav"": ""res://assets/battles/animations/poisonsting/PRSFX- Poison Sting.wav""}"
pyroball,Pyro Ball,projectiles,pyro-ball,physical,fire,projectile,custom_godot_effect,energy_blast,False,not_implemented_in_move_driver,eigen move-effect ontbreekt,False,res://assets/battles/animations/pyroball/pyroball.json,res://assets/battles/animations/pyroball/GEN8- PyroBall.png,,,0,54,20,1.16,2.371,7,Explosion1; Fire1; Fire2; RockFall1,"{""Explosion1"": ""res://assets/battles/animations/pyroball/Explosion1.ogg"", ""Fire1"": ""res://assets/battles/animations/pyroball/Fire1.ogg"", ""Fire2"": ""res://assets/battles/animations/pyroball/Fire2.ogg"", ""RockFall1"": ""res://assets/battles/animations/pyroball/RockFall1.wav""}"
razorleaf,Razor Leaf,projectiles,razor-leaf,physical,grass,projectile,imported_sheet,,True,not_implemented_in_move_driver,eigen move-effect ontbreekt,False,res://assets/battles/animations/razorleaf/razorleaf.json,res://assets/battles/animations/grassyterrain/PRAS- Grass.png,,,0,29,20,1.05,1.429,2,PRSFX- Razor Leaf1.wav; PRSFX- Razor Leaf2.wav,"{""PRSFX- Razor Leaf1.wav"": ""res://assets/battles/animations/razorleaf/PRSFX- Razor Leaf1.wav"", ""PRSFX- Razor Leaf2.wav"": ""res://assets/battles/animations/razorleaf/PRSFX- Razor Leaf2.wav""}"
rockthrow,Rock Throw,projectiles,rock-throw,physical,rock,projectile,imported_sheet,,True,not_implemented_in_move_driver,eigen move-effect ontbreekt,False,res://assets/battles/animations/rockthrow/rockthrow.json,res://assets/battles/animations/continentalcrush/PRAS- Rock.png,,,0,24,20,1.0,1.25,2,PRSFX- Rock Throw1.wav; PRSFX- Rock Throw2.wav,"{""PRSFX- Rock Throw1.wav"": ""res://assets/battles/animations/rockthrow/PRSFX- Rock Throw1.wav"", ""PRSFX- Rock Throw2.wav"": ""res://assets/battles/animations/rockthrow/PRSFX- Rock Throw2.wav""}"
shadowball,Shadow Ball,projectiles,shadow-ball,special,ghost,special,imported_sheet,energy_blast,False,not_implemented_in_move_driver,eigen move-effect ontbreekt,False,res://assets/battles/animations/shadowball/shadowball.json,res://assets/battles/animations/shadowball/PRAS- Shadow Ball.png,,,0,39,20,1,2.0,2,PRSFX- Shadow Ball1.wav; PRSFX- Shadow Ball2.wav,"{""PRSFX- Shadow Ball1.wav"": ""res://assets/battles/animations/shadowball/PRSFX- Shadow Ball1.wav"", ""PRSFX- Shadow Ball2.wav"": ""res://assets/battles/animations/shadowball/PRSFX- Shadow Ball2.wav""}"
sludgebomb,Sludge Bomb,projectiles,sludge-bomb,special,poison,special_projectile,imported_sheet,,True,not_implemented_in_move_driver,eigen move-effect ontbreekt,False,res://assets/battles/animations/sludgebomb/sludgebomb.json,res://assets/battles/animations/sludgebomb/PRAS- Sludge Bomb.png,,,0,29,20,1.12,1.339,2,PRSFX- Sludge Bomb1.wav; PRSFX- Sludge Bomb2.wav,"{""PRSFX- Sludge Bomb1.wav"": ""res://assets/battles/animations/sludgebomb/PRSFX- Sludge Bomb1.wav"", ""PRSFX- Sludge Bomb2.wav"": ""res://assets/battles/animations/sludgebomb/PRSFX- Sludge Bomb2.wav""}"
swift,Swift,projectiles,swift,special,normal,projectile,imported_sheet,,True,not_implemented_in_move_driver,eigen move-effect ontbreekt,False,res://assets/battles/animations/swift/swift.json,res://assets/battles/animations/swift/PRAS- Swift.png,,,0,23,20,1.0,1.2,2,PRSFX- Swift1.wav; PRSFX- Swift2.wav,"{""PRSFX- Swift1.wav"": ""res://assets/battles/animations/swift/PRSFX- Swift1.wav"", ""PRSFX- Swift2.wav"": ""res://assets/battles/animations/swift/PRSFX- Swift2.wav""}"
thundershock,Thunder Shock,projectiles,thunder-shock,special,electric,special_projectile,imported_sheet,,True,not_implemented_in_move_driver,eigen move-effect ontbreekt,False,res://assets/battles/animations/thundershock/thundershock.json,res://assets/battles/animations/electricterrain/PRAS- Electric.png,,,0,19,20,1,1.0,1,PRSFX- Thundershock.wav,"{""PRSFX- Thundershock.wav"": ""res://assets/battles/animations/thundershock/PRSFX- Thundershock.wav""}"
waterpulse,Water Pulse,projectiles,water-pulse,special,water,projectile,imported_sheet,,True,not_implemented_in_move_driver,eigen move-effect ontbreekt,False,res://assets/battles/animations/waterpulse/waterpulse.json,res://assets/battles/animations/waterpulse/PRAS- Water Pulse.png,res://assets/battles/animations/hydrovortex/PRAS- Underwater BG.png,,0,22,20,1.0,1.15,2,PRSFX- Water Pulse.wav; PRSFX- Water Pulse2.wav,"{""PRSFX- Water Pulse.wav"": ""res://assets/battles/animations/waterpulse/PRSFX- Water Pulse.wav"", ""PRSFX- Water Pulse2.wav"": ""res://assets/battles/animations/waterpulse/PRSFX- Water Pulse2.wav""}"
watershuriken,Water Shuriken,projectiles,water-shuriken,special,water,physical_projectile,imported_sheet,,True,not_implemented_in_move_driver,eigen move-effect ontbreekt,False,res://assets/battles/animations/watershuriken/watershuriken.json,res://assets/battles/animations/watershuriken/PRAS- Water Shuriken.png,,,0,11,20,1.06,0.566,1,PRSFX- Water Shurkein.wav,"{""PRSFX- Water Shurkein.wav"": ""res://assets/battles/animations/watershuriken/PRSFX- Water Shurkein.wav""}"
weatherball,Weather Ball,projectiles,weather-ball,special,normal,projectile,imported_sheet,orb_projectile,False,not_implemented_in_move_driver,eigen move-effect ontbreekt,False,res://assets/battles/animations/weatherball/weatherball.json,res://assets/battles/animations/weatherball/PRAS- Weatherball.png,,,0,39,20,1.25,1.6,3,PRSFX- Weather Ball1.wav; PRSFX- Weather Ball2.wav,"{""PRSFX- Weather Ball1.wav"": ""res://assets/battles/animations/weatherball/PRSFX- Weather Ball1.wav"", ""PRSFX- Weather Ball2.wav"": ""res://assets/battles/animations/weatherball/PRSFX- Weather Ball2.wav""}"
absorb,Absorb,waves,absorb,special,grass,special_projectile,imported_sheet,,True,not_implemented_in_move_driver,generieke health_up bestaat; eigen move-effect/energieoverdracht ontbreekt,False,res://assets/battles/animations/absorb/absorb.json,res://assets/battles/animations/absorb/PRAS- Absorption.png,,,0,19,20,1,1.0,2,PRSFX- Absorb1.wav; PRSFX- Absorb2.wav,"{""PRSFX- Absorb1.wav"": ""res://assets/battles/animations/absorb/PRSFX- Absorb1.wav"", ""PRSFX- Absorb2.wav"": ""res://assets/battles/animations/absorb/PRSFX- Absorb2.wav""}"
confusion,Confusion,waves,confusion,special,psychic,special_projectile,custom_godot_effect,sound_wave,False,not_implemented_in_move_driver,eigen move-effect ontbreekt,False,res://assets/battles/animations/confusion/confusion.json,,res://assets/battles/animations/confusion/PRAS- Confusion BG.png,,0,28,20,1.0,1.45,1,PRSFX- Confusion.wav,"{""PRSFX- Confusion.wav"": ""res://assets/battles/animations/confusion/PRSFX- Confusion.wav""}"
darkpulse,Dark Pulse,waves,dark-pulse,special,dark,special,imported_sheet,dark_pulse,False,not_implemented_in_move_driver,eigen move-effect ontbreekt,False,res://assets/battles/animations/darkpulse/darkpulse.json,res://assets/battles/animations/darkpulse/PRAS- Dark Pulse.png,res://assets/battles/animations/ceaselessedge/PRAS- Ominous Wind BG.png,,0,44,20,1,2.25,2,PRSFX- Dark Pulse1.wav; PRSFX- Dark Pulse2.wav,"{""PRSFX- Dark Pulse1.wav"": ""res://assets/battles/animations/darkpulse/PRSFX- Dark Pulse1.wav"", ""PRSFX- Dark Pulse2.wav"": ""res://assets/battles/animations/darkpulse/PRSFX- Dark Pulse2.wav""}"
disarmingvoice,Disarming Voice,waves,disarming-voice,special,fairy,special_projectile,imported_sheet,,True,not_implemented_in_move_driver,eigen move-effect ontbreekt,False,res://assets/battles/animations/disarmingvoice/disarmingvoice.json,res://assets/battles/animations/disarmingvoice/PRAS- Sound.png,,,0,17,20,1.0,0.9,3,,{}
drainingkiss,Draining Kiss,waves,draining-kiss,special,fairy,special_projectile,imported_sheet,,True,not_implemented_in_move_driver,generieke health_up bestaat; eigen move-effect/energieoverdracht ontbreekt,False,res://assets/battles/animations/drainingkiss/drainingkiss.json,res://assets/battles/animations/drainingkiss/PRAS- Draining Kiss.png,,,0,17,20,1.1,0.818,2,PRSFX- Draining Kiss1.wav; PRSFX- Draining Kiss2.wav,"{""PRSFX- Draining Kiss1.wav"": ""res://assets/battles/animations/drainingkiss/PRSFX- Draining Kiss1.wav"", ""PRSFX- Draining Kiss2.wav"": ""res://assets/battles/animations/drainingkiss/PRSFX- Draining Kiss2.wav""}"
gust,Gust,waves,gust,special,flying,special_projectile,imported_sheet,,True,not_implemented_in_move_driver,eigen move-effect ontbreekt,False,res://assets/battles/animations/gust/gust.json,res://assets/battles/animations/gust/PRAS- Gust.png,,,0,25,20,1.05,1.238,2,PRSFX- Gust.wav,"{""PRSFX- Gust.wav"": ""res://assets/battles/animations/gust/PRSFX- Gust.wav""}"
hex,Hex,waves,hex,special,ghost,uncategorized,imported_sheet,,True,not_implemented_in_move_driver,eigen move-effect ontbreekt,False,res://assets/battles/animations/hex/hex.json,res://assets/battles/animations/hex/PRAS- Grudge.png,res://assets/battles/animations/hex/PRAS- Ghost BG.png,,0,27,20,1,1.4,1,PRSFX- Hex.wav,"{""PRSFX- Hex.wav"": ""res://assets/battles/animations/hex/PRSFX- Hex.wav""}"
psychic,Psychic,waves,psychic,special,psychic,special_projectile,custom_godot_effect,background_motion; psychic_pulse,False,not_implemented_in_move_driver,eigen move-effect ontbreekt,False,res://assets/battles/animations/psychic/psychic.json,res://assets/battles/animations/psychic/PRAS- Psycho Boost.png,res://assets/battles/animations/psychic/PRAS- Psychic BG.png,,0,24,20,1.08,1.157,2,PRSFX- Psychic.wav,"{""PRSFX- Psychic.wav"": ""res://assets/battles/animations/psychic/PRSFX- Psychic.wav""}"
psychicnoise,Psychic Noise,waves,psychic-noise,special,psychic,special_projectile,custom_godot_effect,sound_wave,False,not_implemented_in_move_driver,eigen move-effect ontbreekt,False,res://assets/battles/animations/psychicnoise/psychicnoise.json,res://assets/battles/animations/calmmind/PRAS- Screech.png,,,0,25,20,1.08,1.204,2,PRSFX- Calm Mind.wav; PRSFX- Disable,"{""PRSFX- Calm Mind.wav"": ""res://assets/battles/animations/psychicnoise/PRSFX- Calm Mind.wav"", ""PRSFX- Disable"": ""res://assets/battles/animations/psychicnoise/PRSFX- Disable.wav""}"
psyshock,Psyshock,waves,psyshock,special,psychic,special_projectile,custom_godot_effect,psychic_shards,False,not_implemented_in_move_driver,eigen move-effect ontbreekt,False,res://assets/battles/animations/psyshock/psyshock.json,res://assets/battles/animations/psyshock/PRAS- Swords Dance + Signal Beam.png,,,0,24,20,1.1,1.136,2,PRSFX- Psyshock1.wav; PRSFX- Psyshock2.wav,"{""PRSFX- Psyshock1.wav"": ""res://assets/battles/animations/psyshock/PRSFX- Psyshock1.wav"", ""PRSFX- Psyshock2.wav"": ""res://assets/battles/animations/psyshock/PRSFX- Psyshock2.wav""}"
screech,Screech,waves,screech,status,normal,special_projectile,imported_sheet,,True,not_implemented_in_move_driver,stat_up/down herbruikbaar waar een stat-event volgt; eigen move-effect ontbreekt,False,res://assets/battles/animations/screech/screech.json,res://assets/battles/animations/calmmind/PRAS- Screech.png,,,0,25,20,1.0,1.3,1,PRSFX- Screech.wav,"{""PRSFX- Screech.wav"": ""res://assets/battles/animations/screech/PRSFX- Screech.wav""}"
sparklingaria,Sparkling Aria,waves,sparkling-aria,special,water,special_projectile,imported_sheet,,True,not_implemented_in_move_driver,eigen move-effect ontbreekt,False,res://assets/battles/animations/sparklingaria/sparklingaria.json,res://assets/battles/animations/sparklingaria/PRAS- Sparkling Aria.png,,,0,32,20,1.08,1.528,6,PRSFX- Sparkling Aria1.wav; PRSFX- Sparkling Aria2.wav,"{""PRSFX- Sparkling Aria1.wav"": ""res://assets/battles/animations/sparklingaria/PRSFX- Sparkling Aria1.wav"", ""PRSFX- Sparkling Aria2.wav"": ""res://assets/battles/animations/sparklingaria/PRSFX- Sparkling Aria2.wav""}"
supersonic,Supersonic,waves,supersonic,status,normal,special_projectile,imported_sheet,,True,not_implemented_in_move_driver,statuspresentatie bestaat na geslaagde toepassing; eigen move-effect ontbreekt,False,res://assets/battles/animations/supersonic/supersonic.json,res://assets/battles/animations/supersonic/PRAS- Supersonic.png,,,0,25,20,1.0,1.3,1,PRSFX- Supersonic.wav,"{""PRSFX- Supersonic.wav"": ""res://assets/battles/animations/supersonic/PRSFX- Supersonic.wav""}"
bleakwindstorm,Bleakwind Storm,area,bleakwind-storm,special,flying,projectile,imported_sheet,,True,not_implemented_in_move_driver,eigen move-effect ontbreekt,False,res://assets/battles/animations/bleakwindstorm/bleakwindstorm.json,res://assets/battles/animations/bleakwindstorm/PRAS- Twister.png,res://assets/battles/animations/bleakwindstorm/PRAS- Blizzard BG.png,,0,27,20,1.12,1.25,2,; PRSFX- Icy Wind1,"{""PRSFX- Icy Wind1"": ""res://assets/battles/animations/bleakwindstorm/PRSFX- Icy Wind1.wav""}"
blizzard,Blizzard,area,blizzard,special,ice,field_impact,imported_sheet,,True,not_implemented_in_move_driver,eigen move-effect ontbreekt,False,res://assets/battles/animations/blizzard/blizzard.json,res://assets/battles/animations/blizzard/PRAS- Ice.png,res://assets/battles/animations/bleakwindstorm/PRAS- Blizzard BG.png,res://assets/battles/animations/blizzard/PRAS- Blizzard FG.png,0,30,20,1.16,1.336,1,PRSFX- Blizzard.wav,"{""PRSFX- Blizzard.wav"": ""res://assets/battles/animations/blizzard/PRSFX- Blizzard.wav""}"
dracometeor,Draco Meteor,area,draco-meteor,special,dragon,special_projectile,imported_sheet,draco_meteor,False,not_implemented_in_move_driver,eigen move-effect ontbreekt,False,res://assets/battles/animations/dracometeor/dracometeor.json,res://assets/battles/animations/continentalcrush/PRAS- Rock.png,res://assets/battles/animations/blackholeeclipse/PRAS- Space BG.png,,29,59,20,1.15,1.348,4,PRSFX- Draco Meteor1.wav; PRSFX- Draco Meteor2.wav,"{""PRSFX- Draco Meteor1.wav"": ""res://assets/battles/animations/dracometeor/PRSFX- Draco Meteor1.wav"", ""PRSFX- Draco Meteor2.wav"": ""res://assets/battles/animations/dracometeor/PRSFX- Draco Meteor2.wav""}"
earthpower,Earth Power,area,earth-power,special,ground,direct_sheet,imported_sheet,,True,not_implemented_in_move_driver,eigen move-effect ontbreekt,False,res://assets/battles/animations/earthpower/earthpower.json,res://assets/battles/animations/earthpower/PRAS- Earth Power.png,res://assets/battles/animations/earthpower/PRAS- Burning BG.png,,0,49,20,1.12,2.232,1,PRSFX- Earth Power.wav,"{""PRSFX- Earth Power.wav"": ""res://assets/battles/animations/earthpower/PRSFX- Earth Power.wav""}"
earthquake,Earthquake,area,earthquake,physical,ground,field_impact,imported_sheet,,True,not_implemented_in_move_driver,eigen move-effect ontbreekt,False,res://assets/battles/animations/earthquake/earthquake.json,res://assets/battles/animations/continentalcrush/PRAS- Rock.png,res://assets/battles/animations/breakneckblitz/PRAS- Earthquake BG.png,res://assets/battles/animations/earthquake/PRAS- Sandstorm.png,0,54,20,1.12,2.455,4,PRSFX- Earthquake1.wav; PRSFX- Earthquake2.wav,"{""PRSFX- Earthquake1.wav"": ""res://assets/battles/animations/earthquake/PRSFX- Earthquake1.wav"", ""PRSFX- Earthquake2.wav"": ""res://assets/battles/animations/earthquake/PRSFX- Earthquake2.wav""}"
explosion,Explosion,area,explosion,physical,normal,field_impact,custom_godot_effect,explosion_burst,False,not_implemented_in_move_driver,eigen move-effect ontbreekt,False,res://assets/battles/animations/explosion/explosion.json,res://assets/battles/animations/explosion/PRAS- Explosions.png,res://assets/battles/animations/explosion/PRAS- Fire BG.png,res://assets/battles/animations/bloomdoom/PRAS- Flash FG.png,0,60,20,1.18,2.585,2,PRSFX- Explosion.wav; PRSFX- Selfdestruct1.wav,"{""PRSFX- Explosion.wav"": ""res://assets/battles/animations/explosion/PRSFX- Explosion.wav"", ""PRSFX- Selfdestruct1.wav"": ""res://assets/battles/animations/explosion/PRSFX- Selfdestruct1.wav""}"
freezedry,Freeze-Dry,area,freeze-dry,special,ice,direct_sheet,imported_sheet,,True,not_implemented_in_move_driver,eigen move-effect ontbreekt,False,res://assets/battles/animations/freezedry/freezedry.json,res://assets/battles/animations/freezedry/PRAS- Freeze Dry.png,res://assets/battles/animations/freezedry/PRAS- Ice Cave BG.png,,0,55,20,1.12,2.5,3,PRSFX- Freeze Dry1.wav; PRSFX- Freeze Dry2.wav; PRSFX- Freeze Dry3.wav,"{""PRSFX- Freeze Dry1.wav"": ""res://assets/battles/animations/freezedry/PRSFX- Freeze Dry1.wav"", ""PRSFX- Freeze Dry2.wav"": ""res://assets/battles/animations/freezedry/PRSFX- Freeze Dry2.wav"", ""PRSFX- Freeze Dry3.wav"": ""res://assets/battles/animations/freezedry/PRSFX- Freeze Dry3.wav""}"
heatwave,Heat Wave,area,heat-wave,special,fire,projectile,imported_sheet,heat_wave,False,not_implemented_in_move_driver,eigen move-effect ontbreekt,False,res://assets/battles/animations/heatwave/heatwave.json,res://assets/battles/animations/heatwave/fly copy.png,,res://assets/battles/animations/heatwave/PRAS- Heat Wave.png,0,29,20,1.22,1.23,1,PRSFX- Heat Wave.wav,"{""PRSFX- Heat Wave.wav"": ""res://assets/battles/animations/heatwave/PRSFX- Heat Wave.wav""}"
hurricane,Hurricane,area,hurricane,special,flying,field_impact,imported_sheet,,True,not_implemented_in_move_driver,eigen move-effect ontbreekt,False,res://assets/battles/animations/hurricane/hurricane.json,res://assets/battles/animations/gust/PRAS- Gust.png,,res://assets/battles/animations/hurricane/PRAS- Hurricane FG.png,0,69,20,1.08,3.241,1,PRSFX- Hurricane.wav,"{""PRSFX- Hurricane.wav"": ""res://assets/battles/animations/hurricane/PRSFX- Hurricane.wav""}"
makeitrain,Make It Rain,area,make-it-rain,special,steel,special_projectile,imported_sheet,coin_rain,False,not_implemented_in_move_driver,eigen move-effect ontbreekt,False,res://assets/battles/animations/makeitrain/makeitrain.json,res://assets/battles/animations/makeitrain/PRAS- Pay Day.png,,,0,23,20,1,1.2,2,PRSFX- Pay Day2; PRSFX- Zing Zap3,"{""PRSFX- Pay Day2"": ""res://assets/battles/animations/makeitrain/PRSFX- Pay Day2.wav"", ""PRSFX- Zing Zap3"": ""res://assets/battles/animations/makeitrain/PRSFX- Zing Zap3.wav""}"
powdersnow,Powder Snow,area,powder-snow,special,ice,special_projectile,imported_sheet,,True,not_implemented_in_move_driver,eigen move-effect ontbreekt,False,res://assets/battles/animations/powdersnow/powdersnow.json,res://assets/battles/animations/powdersnow/PRAS- Powder Snow.png,,,0,19,20,1.0,1.0,1,PRSFX- Powder Snow1.wav,"{""PRSFX- Powder Snow1.wav"": ""res://assets/battles/animations/powdersnow/PRSFX- Powder Snow1.wav""}"
terastarstorm,Tera Starstorm,area,tera-starstorm,special,normal,uncategorized,imported_sheet,,True,not_implemented_in_move_driver,eigen move-effect ontbreekt,False,res://assets/battles/animations/terastarstorm/terastarstorm.json,res://assets/battles/animations/terastarstorm/Custom_Tera Starstorm.png,,,0,22,20,1,1.15,2,PRSFX- Barrier; PRSFX- Recover,"{""PRSFX- Barrier"": ""res://assets/battles/animations/terastarstorm/PRSFX- Barrier.wav"", ""PRSFX- Recover"": ""res://assets/battles/animations/terastarstorm/PRSFX- Recover.wav""}"
babydolleyes,Baby-Doll Eyes,status,baby-doll-eyes,status,fairy,status_projectile,imported_sheet,,True,not_implemented_in_move_driver,stat_up/down herbruikbaar waar een stat-event volgt; eigen move-effect ontbreekt,False,res://assets/battles/animations/babydolleyes/babydolleyes.json,res://assets/battles/animations/babydolleyes/PRAS- Baby Doll Eyes.png,res://assets/battles/animations/blackholeeclipse/PRAS- Black BG.png,,0,24,20,1.0,1.25,1,PRSFX- Baby Doll Eyes.wav,"{""PRSFX- Baby Doll Eyes.wav"": ""res://assets/battles/animations/babydolleyes/PRSFX- Baby Doll Eyes.wav""}"
charm,Charm,status,charm,status,fairy,status_projectile,imported_sheet,,True,not_implemented_in_move_driver,stat_up/down herbruikbaar waar een stat-event volgt; eigen move-effect ontbreekt,False,res://assets/battles/animations/charm/charm.json,res://assets/battles/animations/charm/PRAS- Love.png,,,0,19,20,1.0,1.0,1,PRSFX- Charm.wav,"{""PRSFX- Charm.wav"": ""res://assets/battles/animations/charm/PRSFX- Charm.wav""}"
encore,Encore,status,encore,status,normal,status_projectile,imported_sheet,,True,not_implemented_in_move_driver,eigen move-effect ontbreekt,False,res://assets/battles/animations/encore/encore.json,res://assets/battles/animations/encore/PRAS- Encore.png,,,0,24,20,1.08,1.157,1,PRSFX- Encore.wav,"{""PRSFX- Encore.wav"": ""res://assets/battles/animations/encore/PRSFX- Encore.wav""}"
growl,Growl,status,growl,status,normal,status_projectile,imported_sheet,,True,not_implemented_in_move_driver,stat_up/down herbruikbaar waar een stat-event volgt; eigen move-effect ontbreekt,False,res://assets/battles/animations/growl/growl.json,res://assets/battles/animations/disarmingvoice/PRAS- Sound.png,,,0,14,20,1,0.75,1,,{}
leechseed,Leech Seed,status,leech-seed,status,grass,status_projectile,imported_sheet,,True,not_implemented_in_move_driver,generieke health_up bestaat; eigen move-effect/energieoverdracht ontbreekt,False,res://assets/battles/animations/leechseed/leechseed.json,res://assets/battles/animations/leechseed/PRAS- Leech Seed.png,,,0,39,20,1.0,2.0,1,PRSFX- Leech Seed2.wav,"{""PRSFX- Leech Seed2.wav"": ""res://assets/battles/animations/leechseed/PRSFX- Leech Seed2.wav""}"
leer,Leer,status,leer,status,normal,status_projectile,imported_sheet,,True,not_implemented_in_move_driver,stat_up/down herbruikbaar waar een stat-event volgt; eigen move-effect ontbreekt,False,res://assets/battles/animations/leer/leer.json,res://assets/battles/animations/leer/PRAS- Leer.png,,,0,6,20,1,0.35,1,PRSFX- Leer.wav,"{""PRSFX- Leer.wav"": ""res://assets/battles/animations/leer/PRSFX- Leer.wav""}"
poisonpowder,Poison Powder,status,poison-powder,status,poison,status_projectile,imported_sheet,,True,not_implemented_in_move_driver,statuspresentatie bestaat na geslaagde toepassing; eigen move-effect ontbreekt,False,res://assets/battles/animations/poisonpowder/poisonpowder.json,res://assets/battles/animations/poisonpowder/PRAS- Powders.png,,,0,29,20,1.0,1.5,1,PRSFX- Poison Powder.wav,"{""PRSFX- Poison Powder.wav"": ""res://assets/battles/animations/poisonpowder/PRSFX- Poison Powder.wav""}"
sandattack,Sand Attack,status,sand-attack,status,ground,status_projectile,imported_sheet,,True,not_implemented_in_move_driver,stat_up/down herbruikbaar waar een stat-event volgt; eigen move-effect ontbreekt,False,res://assets/battles/animations/sandattack/sandattack.json,res://assets/battles/animations/sandattack/PRAS- Sand Attack.png,,,0,10,20,1,0.55,1,PRSFX- Sand Attack.wav,"{""PRSFX- Sand Attack.wav"": ""res://assets/battles/animations/sandattack/PRSFX- Sand Attack.wav""}"
sleeppowder,Sleep Powder,status,sleep-powder,status,grass,status_projectile,imported_sheet,,True,not_implemented_in_move_driver,statuspresentatie bestaat na geslaagde toepassing; eigen move-effect ontbreekt,False,res://assets/battles/animations/sleeppowder/sleeppowder.json,res://assets/battles/animations/poisonpowder/PRAS- Powders.png,,,0,29,20,1.0,1.5,1,PRSFX- Sleep Powder.wav,"{""PRSFX- Sleep Powder.wav"": ""res://assets/battles/animations/sleeppowder/PRSFX- Sleep Powder.wav""}"
smokescreen,Smokescreen,status,smokescreen,status,normal,status_projectile,imported_sheet,,True,not_implemented_in_move_driver,stat_up/down herbruikbaar waar een stat-event volgt; eigen move-effect ontbreekt,False,res://assets/battles/animations/smokescreen/smokescreen.json,res://assets/battles/animations/haze/PRAS- Smokescreen.png,,,0,29,20,1.0,1.5,1,PRSFX- Smokescreen.wav,"{""PRSFX- Smokescreen.wav"": ""res://assets/battles/animations/smokescreen/PRSFX- Smokescreen.wav""}"
spore,Spore,status,spore,status,grass,status_projectile,imported_sheet,,True,not_implemented_in_move_driver,statuspresentatie bestaat na geslaagde toepassing; eigen move-effect ontbreekt,False,res://assets/battles/animations/spore/spore.json,res://assets/battles/animations/spore/PRAS- Spore.png,,,0,29,20,1.08,1.389,1,PRSFX- Spore.wav,"{""PRSFX- Spore.wav"": ""res://assets/battles/animations/spore/PRSFX- Spore.wav""}"
stringshot,String Shot,status,string-shot,status,bug,status_projectile,imported_sheet,,True,not_implemented_in_move_driver,stat_up/down herbruikbaar waar een stat-event volgt; eigen move-effect ontbreekt,False,res://assets/battles/animations/stringshot/stringshot.json,res://assets/battles/animations/stringshot/PRAS- String Shot.png,,,0,19,20,1.0,1.0,2,PRSFX- String Shot1.wav; PRSFX- String Shot2.wav,"{""PRSFX- String Shot1.wav"": ""res://assets/battles/animations/stringshot/PRSFX- String Shot1.wav"", ""PRSFX- String Shot2.wav"": ""res://assets/battles/animations/stringshot/PRSFX- String Shot2.wav""}"
sweetscent,Sweet Scent,status,sweet-scent,status,normal,status_buff,imported_sheet,,True,not_implemented_in_move_driver,stat_up/down herbruikbaar waar een stat-event volgt; eigen move-effect ontbreekt,False,res://assets/battles/animations/sweetscent/sweetscent.json,res://assets/battles/animations/sweetscent/PRAS- Sweet Scent.png,res://assets/battles/animations/sweetscent/PRAS- Sweet Scent BG.png,,0,37,20,1.0,1.9,1,PRSFX- Heal Order2.wav,"{""PRSFX- Heal Order2.wav"": ""res://assets/battles/animations/sweetscent/PRSFX- Heal Order2.wav""}"
tailwhip,Tail Whip,status,tail-whip,status,normal,status_projectile,imported_sheet,stat_change,False,not_implemented_in_move_driver,stat_up/down herbruikbaar waar een stat-event volgt; eigen move-effect ontbreekt,False,res://assets/battles/animations/tailwhip/tailwhip.json,res://assets/battles/animations/tailwhip/PRAS- Tail Glow.png,,,0,24,20,1,1.25,1,PRSFX- Tail Whip.wav,"{""PRSFX- Tail Whip.wav"": ""res://assets/battles/animations/tailwhip/PRSFX- Tail Whip.wav""}"
taunt,Taunt,status,taunt,status,dark,status_projectile,imported_sheet,,True,not_implemented_in_move_driver,eigen move-effect ontbreekt,False,res://assets/battles/animations/taunt/taunt.json,res://assets/battles/animations/taunt/PRAS- Taunt.png,,,0,33,20,1.12,1.518,5,PRSFX- Taunt1.wav; PRSFX- Taunt2.wav; PRSFX- Taunt3.wav,"{""PRSFX- Taunt1.wav"": ""res://assets/battles/animations/taunt/PRSFX- Taunt1.wav"", ""PRSFX- Taunt2.wav"": ""res://assets/battles/animations/taunt/PRSFX- Taunt2.wav"", ""PRSFX- Taunt3.wav"": ""res://assets/battles/animations/taunt/PRSFX- Taunt3.wav""}"
thunderwave,Thunder Wave,status,thunder-wave,status,electric,status_projectile,imported_sheet,,True,not_implemented_in_move_driver,statuspresentatie bestaat na geslaagde toepassing; eigen move-effect ontbreekt,False,res://assets/battles/animations/thunderwave/thunderwave.json,res://assets/battles/animations/electricterrain/PRAS- Electric.png,,,0,15,20,1.25,0.64,1,PRSFX- Thunder Wave.wav,"{""PRSFX- Thunder Wave.wav"": ""res://assets/battles/animations/thunderwave/PRSFX- Thunder Wave.wav""}"
toxic,Toxic,status,toxic,status,poison,status_projectile,imported_sheet,,True,not_implemented_in_move_driver,statuspresentatie bestaat na geslaagde toepassing; eigen move-effect ontbreekt,False,res://assets/battles/animations/toxic/toxic.json,res://assets/battles/animations/badlypoisoned/PRAS- Poison.png,,,0,15,20,1.18,0.678,5,PRSFX- Toxic1.wav; PRSFX- Toxic2.wav,"{""PRSFX- Toxic1.wav"": ""res://assets/battles/animations/toxic/PRSFX- Toxic1.wav"", ""PRSFX- Toxic2.wav"": ""res://assets/battles/animations/toxic/PRSFX- Toxic2.wav""}"
willowisp,Will-O-Wisp,status,will-o-wisp,status,fire,status_projectile,imported_sheet,,True,not_implemented_in_move_driver,statuspresentatie bestaat na geslaagde toepassing; eigen move-effect ontbreekt,False,res://assets/battles/animations/willowisp/willowisp.json,res://assets/battles/animations/willowisp/PRAS- Will O Wisp.png,,,0,29,20,1.08,1.389,2,PRSFX- Will O Wisp1.wav; PRSFX- Will O Wisp2.wav,"{""PRSFX- Will O Wisp1.wav"": ""res://assets/battles/animations/willowisp/PRSFX- Will O Wisp1.wav"", ""PRSFX- Will O Wisp2.wav"": ""res://assets/battles/animations/willowisp/PRSFX- Will O Wisp2.wav""}"
agility,Agility,self,agility,status,psychic,status_buff,imported_sheet,dragon_dance,False,not_implemented_in_move_driver,stat_up/down herbruikbaar waar een stat-event volgt; eigen move-effect ontbreekt,False,res://assets/battles/animations/agility/agility.json,res://assets/battles/animations/agility/mixed.png,res://assets/battles/animations/agility/PRAS- Speed BG.png,,0,14,20,1.1,0.682,1,PRSFX- Agility.wav,"{""PRSFX- Agility.wav"": ""res://assets/battles/animations/agility/PRSFX- Agility.wav""}"
calmmind,Calm Mind,self,calm-mind,status,psychic,status_buff,imported_sheet,focus_aura,False,not_implemented_in_move_driver,stat_up/down herbruikbaar waar een stat-event volgt; eigen move-effect ontbreekt,False,res://assets/battles/animations/calmmind/calmmind.json,res://assets/battles/animations/calmmind/PRAS- Screech.png,,,0,24,20,1.0,1.25,1,PRSFX- Calm Mind.wav,"{""PRSFX- Calm Mind.wav"": ""res://assets/battles/animations/calmmind/PRSFX- Calm Mind.wav""}"
charge,Charge,self,charge,status,electric,status_buff,imported_sheet,,True,not_implemented_in_move_driver,stat_up/down herbruikbaar waar een stat-event volgt; eigen move-effect ontbreekt,False,res://assets/battles/animations/charge/charge.json,res://assets/battles/animations/electricterrain/PRAS- Electric.png,,,0,14,20,1.0,0.75,1,PRSFX- Charge.wav,"{""PRSFX- Charge.wav"": ""res://assets/battles/animations/charge/PRSFX- Charge.wav""}"
defensecurl,Defense Curl,self,defense-curl,status,normal,status_buff,imported_sheet,,True,not_implemented_in_move_driver,stat_up/down herbruikbaar waar een stat-event volgt; eigen move-effect ontbreekt,False,res://assets/battles/animations/defensecurl/defensecurl.json,res://assets/battles/animations/defensecurl/PRAS- Gyro Ball.png,,,0,14,20,1.0,0.75,1,PRSFX- Defense Curl1.wav,"{""PRSFX- Defense Curl1.wav"": ""res://assets/battles/animations/defensecurl/PRSFX- Defense Curl1.wav""}"
doubleteam,Double Team,self,double-team,status,normal,status_buff,imported_sheet,afterimage,False,not_implemented_in_move_driver,stat_up/down herbruikbaar waar een stat-event volgt; eigen move-effect ontbreekt,False,res://assets/battles/animations/doubleteam/doubleteam.json,res://assets/battles/animations/common/statdown/PRAS- Stats.png,,,0,23,20,1.0,1.2,1,PRSFX- Double Team.wav,"{""PRSFX- Double Team.wav"": ""res://assets/battles/animations/doubleteam/PRSFX- Double Team.wav""}"
dragondance,Dragon Dance,self,dragon-dance,status,dragon,status_buff,imported_sheet,dragon_dance,False,not_implemented_in_move_driver,stat_up/down herbruikbaar waar een stat-event volgt; eigen move-effect ontbreekt,False,res://assets/battles/animations/dragondance/dragondance.json,res://assets/battles/animations/dragondance/PRAS- Dragon Dance.png,,,0,37,20,1,1.9,1,PRSFX- Dragon Dance.wav,"{""PRSFX- Dragon Dance.wav"": ""res://assets/battles/animations/dragondance/PRSFX- Dragon Dance.wav""}"
focusenergy,Focus Energy,self,focus-energy,status,normal,status_buff,imported_sheet,,True,not_implemented_in_move_driver,stat_up/down herbruikbaar waar een stat-event volgt; eigen move-effect ontbreekt,False,res://assets/battles/animations/focusenergy/focusenergy.json,res://assets/battles/animations/focusenergy/PRAS- Focus Energy.png,,,0,14,20,1.0,0.75,1,PRSFX- Focus Energy.wav,"{""PRSFX- Focus Energy.wav"": ""res://assets/battles/animations/focusenergy/PRSFX- Focus Energy.wav""}"
growth,Growth,self,growth,status,normal,status_buff,imported_sheet,,True,not_implemented_in_move_driver,stat_up/down herbruikbaar waar een stat-event volgt; eigen move-effect ontbreekt,False,res://assets/battles/animations/growth/growth.json,res://assets/battles/animations/grassyterrain/PRAS- Grass.png,,,0,19,20,1.05,0.952,1,PRSFX- Growth.wav,"{""PRSFX- Growth.wav"": ""res://assets/battles/animations/growth/PRSFX- Growth.wav""}"
harden,Harden,self,harden,status,normal,status_buff,imported_sheet,,True,not_implemented_in_move_driver,stat_up/down herbruikbaar waar een stat-event volgt; eigen move-effect ontbreekt,False,res://assets/battles/animations/harden/harden.json,res://assets/battles/animations/harden/PRAS- Clear Smog.png,,,0,10,20,1.0,0.55,3,PRSFX- Harden.wav,"{""PRSFX- Harden.wav"": ""res://assets/battles/animations/harden/PRSFX- Harden.wav""}"
howl,Howl,self,howl,status,normal,status_buff,imported_sheet,,True,not_implemented_in_move_driver,stat_up/down herbruikbaar waar een stat-event volgt; eigen move-effect ontbreekt,False,res://assets/battles/animations/howl/howl.json,res://assets/battles/animations/howl/PRAS- Howl.png,,,0,9,20,1.0,0.5,1,,{}
nastyplot,Nasty Plot,self,nasty-plot,status,dark,status_buff,imported_sheet,nasty_plot,False,not_implemented_in_move_driver,stat_up/down herbruikbaar waar een stat-event volgt; eigen move-effect ontbreekt,False,res://assets/battles/animations/nastyplot/nastyplot.json,res://assets/battles/animations/nastyplot/PRAS- Nasty Plot.png,,,0,29,20,1.12,1.339,1,PRSFX- Nasty Plot.wav,"{""PRSFX- Nasty Plot.wav"": ""res://assets/battles/animations/nastyplot/PRSFX- Nasty Plot.wav""}"
recover,Recover,self,recover,status,normal,heal,imported_sheet,,True,not_implemented_in_move_driver,generieke health_up bestaat; eigen move-effect/energieoverdracht ontbreekt,False,res://assets/battles/animations/recover/recover.json,res://assets/battles/animations/common/healthup/PRAS- Recovery.png,,,0,19,20,1,1.0,1,PRSFX- Recover.wav,"{""PRSFX- Recover.wav"": ""res://assets/battles/animations/recover/PRSFX- Recover.wav""}"
roost,Roost,self,roost,status,flying,status_buff,imported_sheet,,True,not_implemented_in_move_driver,generieke health_up bestaat; eigen move-effect/energieoverdracht ontbreekt,False,res://assets/battles/animations/roost/roost.json,res://assets/battles/animations/roost/PRAS- Roost.png,,,0,24,20,1.15,1.087,1,PRSFX- Roost2.wav,"{""PRSFX- Roost2.wav"": ""res://assets/battles/animations/roost/PRSFX- Roost2.wav""}"
swordsdance,Swords Dance,self,swords-dance,status,normal,status_buff,imported_sheet,,True,not_implemented_in_move_driver,stat_up/down herbruikbaar waar een stat-event volgt; eigen move-effect ontbreekt,False,res://assets/battles/animations/swordsdance/swordsdance.json,res://assets/battles/animations/psyshock/PRAS- Swords Dance + Signal Beam.png,,,0,23,20,1.25,0.96,2,PRSFX- Swords Dance1.wav; PRSFX- Swords Dance2.wav,"{""PRSFX- Swords Dance1.wav"": ""res://assets/battles/animations/swordsdance/PRSFX- Swords Dance1.wav"", ""PRSFX- Swords Dance2.wav"": ""res://assets/battles/animations/swordsdance/PRSFX- Swords Dance2.wav""}"
withdraw,Withdraw,self,withdraw,status,water,status_buff,imported_sheet,,True,not_implemented_in_move_driver,stat_up/down herbruikbaar waar een stat-event volgt; eigen move-effect ontbreekt,False,res://assets/battles/animations/withdraw/withdraw.json,res://assets/battles/animations/withdraw/PRAS- Withdraw.png,,,0,20,20,1.0,1.05,1,PRSFX- Withdraw.wav,"{""PRSFX- Withdraw.wav"": ""res://assets/battles/animations/withdraw/PRSFX- Withdraw.wav""}"
auroraveil,Aurora Veil,field,aurora-veil,status,ice,screen,imported_sheet,,True,not_implemented_in_move_driver,eigen move-effect ontbreekt,False,res://assets/battles/animations/auroraveil/auroraveil.json,res://assets/battles/animations/auroraveil/PRAS- Weather.png,res://assets/battles/animations/auroraveil/PRAS- Aurora BG.png,res://assets/battles/animations/auroraveil/PRAS- Aurora Veil FG.png,0,49,20,1.15,2.174,5,PRSFX- Aurora Veil1.wav; PRSFX- Aurora Veil2.wav; PRSFX- Aurora Veil3.wav; PRSFX- Aurora Veil4.wav,"{""PRSFX- Aurora Veil1.wav"": ""res://assets/battles/animations/auroraveil/PRSFX- Aurora Veil1.wav"", ""PRSFX- Aurora Veil2.wav"": ""res://assets/battles/animations/auroraveil/PRSFX- Aurora Veil2.wav"", ""PRSFX- Aurora Veil3.wav"": ""res://assets/battles/animations/auroraveil/PRSFX- Aurora Veil3.wav"", ""PRSFX- Aurora Veil4.wav"": ""res://assets/battles/animations/auroraveil/PRSFX- Aurora Veil4.wav""}"
chillyreception,Chilly Reception,field,chilly-reception,status,ice,status_buff,imported_sheet,,True,not_implemented_in_move_driver,blijvend sneeuwweer bestaat; eigen inzet/vertrek ontbreekt,False,res://assets/battles/animations/chillyreception/chillyreception.json,res://assets/battles/animations/chillyreception/Custom_Chilly Reception.png,,,0,29,20,1.1,1.364,3,PRSFX- Freeze Dry3; PRSFX- Parting Shot; PRSFX- Sketch,"{""PRSFX- Freeze Dry3"": ""res://assets/battles/animations/chillyreception/PRSFX- Freeze Dry3.wav"", ""PRSFX- Parting Shot"": ""res://assets/battles/animations/chillyreception/PRSFX- Parting Shot.wav"", ""PRSFX- Sketch"": ""res://assets/battles/animations/chillyreception/PRSFX- Sketch.wav""}"
courtchange,Court Change,field,court-change,status,normal,field,custom_godot_effect,court_change,False,not_implemented_in_move_driver,eigen move-effect ontbreekt,False,res://assets/battles/animations/courtchange/courtchange.json,,,,0,21,20,1.08,1.019,1,PRSFX- Ally Switch.wav,"{""PRSFX- Ally Switch.wav"": ""res://assets/battles/animations/courtchange/PRSFX- Ally Switch.wav""}"
defog,Defog,field,defog,status,flying,direct_sheet,imported_sheet,,True,not_implemented_in_move_driver,eigen move-effect ontbreekt,False,res://assets/battles/animations/defog/defog.json,res://assets/battles/animations/defog/PRAS- Defog.png,,,0,19,20,1,1.0,1,PRSFX- Defog.wav,"{""PRSFX- Defog.wav"": ""res://assets/battles/animations/defog/PRSFX- Defog.wav""}"
electricterrain,Electric Terrain,field,electric-terrain,status,electric,field,imported_sheet,,True,not_implemented_in_move_driver,blijvend 3D-terrain bestaat; eigen move-inzet/geluid en overgang nog beoordelen,False,res://assets/battles/animations/electricterrain/electricterrain.json,res://assets/battles/animations/electricterrain/PRAS- Electric.png,res://assets/battles/animations/electricterrain/PRAS- Electric Terrain BG.png,,0,24,20,1,1.25,5,PRSFX- Electric Terrain.wav; PRSFX- Electric Terrain2.wav,"{""PRSFX- Electric Terrain.wav"": ""res://assets/battles/animations/electricterrain/PRSFX- Electric Terrain.wav"", ""PRSFX- Electric Terrain2.wav"": ""res://assets/battles/animations/electricterrain/PRSFX- Electric Terrain2.wav""}"
futuresight,Future Sight,field,future-sight,special,psychic,status_buff,imported_sheet,orb,False,not_implemented_in_move_driver,ook future_sight_impact ontbreekt,False,res://assets/battles/animations/futuresight/futuresight.json,res://assets/battles/animations/futuresight/PRAS- Kenesis.png,,,0,24,20,1.15,1.087,1,PRSFX- Future Sight1.wav,"{""PRSFX- Future Sight1.wav"": ""res://assets/battles/animations/futuresight/PRSFX- Future Sight1.wav""}"
grassyterrain,Grassy Terrain,field,grassy-terrain,status,grass,field,imported_sheet,,True,not_implemented_in_move_driver,blijvend 3D-terrain bestaat; eigen move-inzet/geluid en overgang nog beoordelen,False,res://assets/battles/animations/grassyterrain/grassyterrain.json,res://assets/battles/animations/grassyterrain/PRAS- Grass.png,res://assets/battles/animations/common/grassyterrain/PRAS- Giga Drain BG.png,,0,42,20,1,2.15,1,PRSFX- Grassy Terrain.wav,"{""PRSFX- Grassy Terrain.wav"": ""res://assets/battles/animations/grassyterrain/PRSFX- Grassy Terrain.wav""}"
haze,Haze,field,haze,status,ice,field,imported_sheet,,True,not_implemented_in_move_driver,eigen move-effect ontbreekt,False,res://assets/battles/animations/haze/haze.json,res://assets/battles/animations/haze/PRAS- Smokescreen.png,,res://assets/battles/animations/haze/PRAS- Haze FG.png,0,34,20,1.1,1.591,1,PRSFX- Haze.wav,"{""PRSFX- Haze.wav"": ""res://assets/battles/animations/haze/PRSFX- Haze.wav""}"
lightscreen,Light Screen,field,light-screen,status,psychic,screen,imported_sheet,,True,not_implemented_in_move_driver,eigen move-effect ontbreekt,False,res://assets/battles/animations/lightscreen/lightscreen.json,res://assets/battles/animations/lightscreen/PRAS- Light Screen.png,,,0,20,20,1.15,0.913,1,PRSFX- Light Screen.wav,"{""PRSFX- Light Screen.wav"": ""res://assets/battles/animations/lightscreen/PRSFX- Light Screen.wav""}"
mistyterrain,Misty Terrain,field,misty-terrain,status,fairy,field,imported_sheet,,True,not_implemented_in_move_driver,blijvend 3D-terrain bestaat; eigen move-inzet/geluid en overgang nog beoordelen,False,res://assets/battles/animations/mistyterrain/mistyterrain.json,res://assets/battles/animations/mistyterrain/PRAS- Orbs.png,res://assets/battles/animations/mistyterrain/PRAS- Misty Terrain BG.png,res://assets/battles/animations/mistyterrain/PRAS- Mist FG.png,0,29,20,1,1.5,1,PRSFX- Misty Terrain.wav,"{""PRSFX- Misty Terrain.wav"": ""res://assets/battles/animations/mistyterrain/PRSFX- Misty Terrain.wav""}"
protect,Protect,field,protect,status,normal,status_buff,imported_sheet,,True,not_implemented_in_move_driver,3D protect_block bestaat voor blokkeren; activeren van Protect apart beoordelen,False,res://assets/battles/animations/protect/protect.json,res://assets/battles/animations/protect/PRAS- Protect.png,,,0,20,20,1.16,0.905,1,PRSFX- Protect.wav,"{""PRSFX- Protect.wav"": ""res://assets/battles/animations/protect/PRSFX- Protect.wav""}"
psychicterrain,Psychic Terrain,field,psychic-terrain,status,psychic,field,imported_sheet,,True,not_implemented_in_move_driver,blijvend 3D-terrain bestaat; eigen move-inzet/geluid en overgang nog beoordelen,False,res://assets/battles/animations/psychicterrain/psychicterrain.json,res://assets/battles/animations/psychicterrain/PRAS- Mirror Coat.png,res://assets/battles/animations/psychicterrain/PRAS- Psychic Terrain BG.png,,0,42,20,1,2.15,3,PRSFX- Psychic Terrain1.wav; PRSFX- Psychic Terrain2.wav; PRSFX- Psychic Terrain3.wav,"{""PRSFX- Psychic Terrain1.wav"": ""res://assets/battles/animations/psychicterrain/PRSFX- Psychic Terrain1.wav"", ""PRSFX- Psychic Terrain2.wav"": ""res://assets/battles/animations/psychicterrain/PRSFX- Psychic Terrain2.wav"", ""PRSFX- Psychic Terrain3.wav"": ""res://assets/battles/animations/psychicterrain/PRSFX- Psychic Terrain3.wav""}"
reflect,Reflect,field,reflect,status,psychic,screen,imported_sheet,,True,not_implemented_in_move_driver,eigen move-effect ontbreekt,False,res://assets/battles/animations/reflect/reflect.json,res://assets/battles/animations/reflect/PRAS- Reflect.png,,,0,20,20,1.15,0.913,1,PRSFX- Reflect.wav,"{""PRSFX- Reflect.wav"": ""res://assets/battles/animations/reflect/PRSFX- Reflect.wav""}"
spikes,Spikes,field,spikes,status,ground,field_hazard,imported_sheet,,True,not_implemented_in_move_driver,eigen move-effect ontbreekt,False,res://assets/battles/animations/spikes/spikes.json,res://assets/battles/animations/spikes/PRAS- Spikes.png,,,0,29,20,1.15,1.304,4,PRSFX- Spikes1.wav; PRSFX- Spikes2.wav,"{""PRSFX- Spikes1.wav"": ""res://assets/battles/animations/spikes/PRSFX- Spikes1.wav"", ""PRSFX- Spikes2.wav"": ""res://assets/battles/animations/spikes/PRSFX- Spikes2.wav""}"
stealthrock,Stealth Rock,field,stealth-rock,status,rock,field,imported_sheet,,True,not_implemented_in_move_driver,eigen move-effect ontbreekt,False,res://assets/battles/animations/stealthrock/stealthrock.json,res://assets/battles/animations/stealthrock/PRAS- Stealth Rock.png,,,0,39,20,1.08,1.852,1,PRSFX- Stealth Rocks.wav,"{""PRSFX- Stealth Rocks.wav"": ""res://assets/battles/animations/stealthrock/PRSFX- Stealth Rocks.wav""}"
stickyweb,Sticky Web,field,sticky-web,status,bug,field_hazard,imported_sheet,,True,not_implemented_in_move_driver,eigen move-effect ontbreekt,False,res://assets/battles/animations/stickyweb/stickyweb.json,res://assets/battles/animations/stickyweb/PRAS- Sticky Web.png,,,0,34,20,1.12,1.562,2,PRSFX- Sticky Web.wav,"{""PRSFX- Sticky Web.wav"": ""res://assets/battles/animations/stickyweb/PRSFX- Sticky Web.wav""}"
substitute,Substitute,field,substitute,status,normal,status_buff,imported_sheet,,True,not_implemented_in_move_driver,"3D-doll, hit/reveal/return en HUD bestaan; bepaal bij review of dit ook de move-inzet volledig afdekt",False,res://assets/battles/animations/substitute/substitute.json,res://assets/battles/animations/substitute/PRAS- Substitute.png,,,0,13,20,1.0,0.7,2,PRSFX- Substitute1.wav; PRSFX- Substitute2.wav,"{""PRSFX- Substitute1.wav"": ""res://assets/battles/animations/substitute/PRSFX- Substitute1.wav"", ""PRSFX- Substitute2.wav"": ""res://assets/battles/animations/substitute/PRSFX- Substitute2.wav""}"
teleport,Teleport,field,teleport,status,psychic,status_buff,imported_sheet,,True,not_implemented_in_move_driver,eigen move-effect ontbreekt,False,res://assets/battles/animations/teleport/teleport.json,res://assets/battles/animations/teleport/PRAS- Teleport.png,,,0,20,20,1.05,1.0,1,PRSFX- Teleport.wav,"{""PRSFX- Teleport.wav"": ""res://assets/battles/animations/teleport/PRSFX- Teleport.wav""}"
toxicspikes,Toxic Spikes,field,toxic-spikes,status,poison,field_hazard,imported_sheet,,True,not_implemented_in_move_driver,eigen move-effect ontbreekt,False,res://assets/battles/animations/toxicspikes/toxicspikes.json,res://assets/battles/animations/spikes/PRAS- Spikes.png,,,0,29,20,1.15,1.304,7,PRSFX- Spikes1.wav; PRSFX- Spikes2.wav; PRSFX- Toxic Spikes2.wav,"{""PRSFX- Spikes1.wav"": ""res://assets/battles/animations/toxicspikes/PRSFX- Spikes1.wav"", ""PRSFX- Spikes2.wav"": ""res://assets/battles/animations/toxicspikes/PRSFX- Spikes2.wav"", ""PRSFX- Toxic Spikes2.wav"": ""res://assets/battles/animations/toxicspikes/PRSFX- Toxic Spikes2.wav""}"
wish,Wish,field,wish,status,normal,field,imported_sheet,,True,not_implemented_in_move_driver,wish_fulfilled bestaat; de eerste Wish-inzet nog uitwerken,False,res://assets/battles/animations/wish/wish.json,res://assets/battles/animations/wish/PRAS- Wish.png,res://assets/battles/animations/moonblast/PRAS- Starry BG.png,,0,19,20,1.08,0.926,1,PRSFX- Wish.wav,"{""PRSFX- Wish.wav"": ""res://assets/battles/animations/wish/PRSFX- Wish.wav""}"
10000000voltthunderbolt,"10,000,000 Volt Thunderbolt",z,10-000-000-volt-thunderbolt,special,electric,physical_contact,imported_sheet,,True,not_implemented_in_move_driver,2D gebruikt Catastropika-data; gewenste eigen identiteit eerst beoordelen,False,res://assets/battles/animations/catastropika/catastropika.json,res://assets/battles/animations/catastropika/PRAS- Catastropika.png,res://assets/battles/animations/catastropika/PRAS- Thunder BG.png,res://assets/battles/animations/bloomdoom/PRAS- Flash FG.png,0,49,20,0.92,2.717,9,PRSFX- Catastropika1.wav; PRSFX- Catastropika2.wav; PRSFX- Catastropika3.wav; PRSFX- Catastropika4.wav; PRSFX- Catastropika5.wav; PRSFX- Catastropika6.wav,"{""PRSFX- Catastropika1.wav"": ""res://assets/battles/animations/catastropika/PRSFX- Catastropika1.wav"", ""PRSFX- Catastropika2.wav"": ""res://assets/battles/animations/catastropika/PRSFX- Catastropika2.wav"", ""PRSFX- Catastropika3.wav"": ""res://assets/battles/animations/catastropika/PRSFX- Catastropika3.wav"", ""PRSFX- Catastropika4.wav"": ""res://assets/battles/animations/catastropika/PRSFX- Catastropika4.wav"", ""PRSFX- Catastropika5.wav"": ""res://assets/battles/animations/catastropika/PRSFX- Catastropika5.wav"", ""PRSFX- Catastropika6.wav"": ""res://assets/battles/animations/catastropika/PRSFX- Catastropika6.wav""}"
aciddownpour,Acid Downpour,z,acid-downpour--physical; acid-downpour--special,physical; special,poison,special_projectile,imported_sheet,,True,not_implemented_in_move_driver,Z-Power-activatie bestaat; specifieke Z-aanval ontbreekt,False,res://assets/battles/animations/aciddownpour/aciddownpour.json,res://assets/battles/animations/aciddownpour/PRAS- Acid Downpour.png,res://assets/battles/animations/aciddownpour/PRAS- Acid Downpour BG1.png,res://assets/battles/animations/aciddownpour/PRAS- Acid Downpour FG1.png,0,59,20,1.0,3.0,12,PRSFX- Acid Downpour1; PRSFX- Acid Downpour2; PRSFX- Acid Downpour3; PRSFX- Acid Downpour4; PRSFX- Acid Downpour5; PRSFX- Acid Downpour6; PRSFX- Acid Downpour7,"{""PRSFX- Acid Downpour1"": ""res://assets/battles/animations/aciddownpour/PRSFX- Acid Downpour1.ogg"", ""PRSFX- Acid Downpour2"": ""res://assets/battles/animations/aciddownpour/PRSFX- Acid Downpour2.ogg"", ""PRSFX- Acid Downpour3"": ""res://assets/battles/animations/aciddownpour/PRSFX- Acid Downpour3.ogg"", ""PRSFX- Acid Downpour4"": ""res://assets/battles/animations/aciddownpour/PRSFX- Acid Downpour4.ogg"", ""PRSFX- Acid Downpour5"": ""res://assets/battles/animations/aciddownpour/PRSFX- Acid Downpour5.ogg"", ""PRSFX- Acid Downpour6"": ""res://assets/battles/animations/aciddownpour/PRSFX- Acid Downpour6.ogg"", ""PRSFX- Acid Downpour7"": ""res://assets/battles/animations/aciddownpour/PRSFX- Acid Downpour7.ogg""}"
alloutpummeling,All-Out Pummeling,z,all-out-pummeling--physical; all-out-pummeling--special,physical; special,fighting,physical,imported_sheet,bullet_punch,False,not_implemented_in_move_driver,Z-Power-activatie bestaat; specifieke Z-aanval ontbreekt,False,res://assets/battles/animations/alloutpummeling/alloutpummeling.json,res://assets/battles/animations/alloutpummeling/PRAS- All Out Pummeling.png,res://assets/battles/animations/alloutpummeling/PRAS- All Out Pummeling BG.png,,0,42,20,1.05,2.048,8,PRSFX- All Out Pummeling1.wav; PRSFX- All Out Pummeling2.wav; PRSFX- All Out Pummeling3.wav,"{""PRSFX- All Out Pummeling1.wav"": ""res://assets/battles/animations/alloutpummeling/PRSFX- All Out Pummeling1.wav"", ""PRSFX- All Out Pummeling2.wav"": ""res://assets/battles/animations/alloutpummeling/PRSFX- All Out Pummeling2.wav"", ""PRSFX- All Out Pummeling3.wav"": ""res://assets/battles/animations/alloutpummeling/PRSFX- All Out Pummeling3.wav""}"
blackholeeclipse,Black Hole Eclipse,z,black-hole-eclipse--physical; black-hole-eclipse--special,physical; special,dark,special_projectile,imported_sheet,,True,not_implemented_in_move_driver,Z-Power-activatie bestaat; specifieke Z-aanval ontbreekt,False,res://assets/battles/animations/blackholeeclipse/blackholeeclipse.json,res://assets/battles/animations/blackholeeclipse/PRAS- Black Hole Eclipse.png,res://assets/battles/animations/blackholeeclipse/PRAS- Space BG.png,res://assets/battles/animations/blackholeeclipse/PRAS- Black BG.png,0,84,20,0.9,4.722,7,PRSFX- Black Hole Eclipse1.wav; PRSFX- Black Hole Eclipse2.wav; PRSFX- Black Hole Eclipse3.wav; PRSFX- Black Hole Eclipse4.wav,"{""PRSFX- Black Hole Eclipse1.wav"": ""res://assets/battles/animations/blackholeeclipse/PRSFX- Black Hole Eclipse1.wav"", ""PRSFX- Black Hole Eclipse2.wav"": ""res://assets/battles/animations/blackholeeclipse/PRSFX- Black Hole Eclipse2.wav"", ""PRSFX- Black Hole Eclipse3.wav"": ""res://assets/battles/animations/blackholeeclipse/PRSFX- Black Hole Eclipse3.wav"", ""PRSFX- Black Hole Eclipse4.wav"": ""res://assets/battles/animations/blackholeeclipse/PRSFX- Black Hole Eclipse4.wav""}"
bloomdoom,Bloom Doom,z,bloom-doom--physical; bloom-doom--special,physical; special,grass,special_projectile,imported_sheet,bloom_doom,True,not_implemented_in_move_driver,Z-Power-activatie bestaat; specifieke Z-aanval ontbreekt,False,res://assets/battles/animations/bloomdoom/bloomdoom.json,res://assets/battles/animations/bloomdoom/PRAS- Bloom Doom.png,res://assets/battles/animations/bloomdoom/PRAS- Petal BG.png,res://assets/battles/animations/bloomdoom/PRAS- Flash FG.png,0,45,20,1.0,2.3,3,PRSFX- Bloom Doom1.wav; PRSFX- Bloom Doom2.wav; PRSFX- Bloom Doom3.wav,"{""PRSFX- Bloom Doom1.wav"": ""res://assets/battles/animations/bloomdoom/PRSFX- Bloom Doom1.wav"", ""PRSFX- Bloom Doom2.wav"": ""res://assets/battles/animations/bloomdoom/PRSFX- Bloom Doom2.wav"", ""PRSFX- Bloom Doom3.wav"": ""res://assets/battles/animations/bloomdoom/PRSFX- Bloom Doom3.wav""}"
breakneckblitz,Breakneck Blitz,z,breakneck-blitz--physical; breakneck-blitz--special,physical; special,normal,physical,imported_sheet,,True,not_implemented_in_move_driver,Z-Power-activatie bestaat; specifieke Z-aanval ontbreekt,False,res://assets/battles/animations/breakneckblitz/breakneckblitz.json,res://assets/battles/animations/breakneckblitz/PRAS- Breakneck Blitz.png,res://assets/battles/animations/breakneckblitz/PRAS- Earthquake BG.png,res://assets/battles/animations/bloomdoom/PRAS- Flash FG.png,0,41,20,1.05,2.0,7,; PRSFX- Breakneck Blitz1.wav; PRSFX- Breakneck Blitz2.wav,{}
catastropika,Catastropika,z,catastropika,physical,electric,physical_contact,imported_sheet,,True,not_implemented_in_move_driver,Z-Power-activatie bestaat; specifieke Z-aanval ontbreekt,False,res://assets/battles/animations/catastropika/catastropika.json,res://assets/battles/animations/catastropika/PRAS- Catastropika.png,res://assets/battles/animations/catastropika/PRAS- Thunder BG.png,res://assets/battles/animations/bloomdoom/PRAS- Flash FG.png,0,49,20,0.92,2.717,9,PRSFX- Catastropika1.wav; PRSFX- Catastropika2.wav; PRSFX- Catastropika3.wav; PRSFX- Catastropika4.wav; PRSFX- Catastropika5.wav; PRSFX- Catastropika6.wav,"{""PRSFX- Catastropika1.wav"": ""res://assets/battles/animations/catastropika/PRSFX- Catastropika1.wav"", ""PRSFX- Catastropika2.wav"": ""res://assets/battles/animations/catastropika/PRSFX- Catastropika2.wav"", ""PRSFX- Catastropika3.wav"": ""res://assets/battles/animations/catastropika/PRSFX- Catastropika3.wav"", ""PRSFX- Catastropika4.wav"": ""res://assets/battles/animations/catastropika/PRSFX- Catastropika4.wav"", ""PRSFX- Catastropika5.wav"": ""res://assets/battles/animations/catastropika/PRSFX- Catastropika5.wav"", ""PRSFX- Catastropika6.wav"": ""res://assets/battles/animations/catastropika/PRSFX- Catastropika6.wav""}"
clangoroussoulblaze,Clangorous Soulblaze,z,clangorous-soulblaze,special,dragon,special_projectile,imported_sheet,,True,not_implemented_in_move_driver,Z-Power-activatie bestaat; specifieke Z-aanval ontbreekt,False,res://assets/battles/animations/clangoroussoulblaze/clangoroussoulblaze.json,res://assets/battles/animations/clangoroussoulblaze/PRAS- Clanging Scales.png,res://assets/battles/animations/clangoroussoulblaze/PRAS- Clangorous Soulblaze BG.png,,0,68,20,0.92,3.75,7,PRSFX- Clangorous Soulblaze1.ogg; PRSFX- Clangorous Soulblaze2.ogg,"{""PRSFX- Clangorous Soulblaze1.ogg"": ""res://assets/battles/animations/clangoroussoulblaze/PRSFX- Clangorous Soulblaze1.ogg"", ""PRSFX- Clangorous Soulblaze2.ogg"": ""res://assets/battles/animations/clangoroussoulblaze/PRSFX- Clangorous Soulblaze2.ogg""}"
continentalcrush,Continental Crush,z,continental-crush--physical; continental-crush--special,physical; special,rock,field_impact,imported_sheet,,True,not_implemented_in_move_driver,Z-Power-activatie bestaat; specifieke Z-aanval ontbreekt,False,res://assets/battles/animations/continentalcrush/continentalcrush.json,res://assets/battles/animations/continentalcrush/PRAS- Rock.png,res://assets/battles/animations/breakneckblitz/PRAS- Earthquake BG.png,,0,59,20,1.0,3.0,16,; PRSFX- Continental Crush1.ogg; PRSFX- Continental Crush2.ogg; PRSFX- Continental Crush3.ogg; PRSFX- Continental Crush5.ogg,"{""PRSFX- Continental Crush1.ogg"": ""res://assets/battles/animations/continentalcrush/PRSFX- Continental Crush1.ogg"", ""PRSFX- Continental Crush2.ogg"": ""res://assets/battles/animations/continentalcrush/PRSFX- Continental Crush2.ogg"", ""PRSFX- Continental Crush3.ogg"": ""res://assets/battles/animations/continentalcrush/PRSFX- Continental Crush3.ogg"", ""PRSFX- Continental Crush5.ogg"": ""res://assets/battles/animations/continentalcrush/PRSFX- Continental Crush5.ogg""}"
corkscrewcrash,Corkscrew Crash,z,corkscrew-crash--physical; corkscrew-crash--special,physical; special,steel,physical,imported_sheet,,True,not_implemented_in_move_driver,Z-Power-activatie bestaat; specifieke Z-aanval ontbreekt,False,res://assets/battles/animations/corkscrewcrash/corkscrewcrash.json,res://assets/battles/animations/corkscrewcrash/PRAS- Corkscrew Crash.png,,,0,119,20,1.0,6.0,54,PRSFX- Corkscrew Crash1.ogg; PRSFX- Corkscrew Crash2.ogg; PRSFX- Corkscrew Crash3.ogg; PRSFX- Corkscrew Crash4.ogg; PRSFX- Corkscrew Crash5.ogg; PRSFX- Corkscrew Crash6.ogg; PRSFX- Corkscrew Crash7.ogg; PRSFX- Corkscrew Crash8.ogg; PRSFX- Corkscrew Crash9.ogg,"{""PRSFX- Corkscrew Crash1.ogg"": ""res://assets/battles/animations/corkscrewcrash/PRSFX- Corkscrew Crash1.ogg"", ""PRSFX- Corkscrew Crash2.ogg"": ""res://assets/battles/animations/corkscrewcrash/PRSFX- Corkscrew Crash2.ogg"", ""PRSFX- Corkscrew Crash3.ogg"": ""res://assets/battles/animations/corkscrewcrash/PRSFX- Corkscrew Crash3.ogg"", ""PRSFX- Corkscrew Crash4.ogg"": ""res://assets/battles/animations/corkscrewcrash/PRSFX- Corkscrew Crash4.ogg"", ""PRSFX- Corkscrew Crash5.ogg"": ""res://assets/battles/animations/corkscrewcrash/PRSFX- Corkscrew Crash5.ogg"", ""PRSFX- Corkscrew Crash6.ogg"": ""res://assets/battles/animations/corkscrewcrash/PRSFX- Corkscrew Crash6.ogg"", ""PRSFX- Corkscrew Crash7.ogg"": ""res://assets/battles/animations/corkscrewcrash/PRSFX- Corkscrew Crash7.ogg"", ""PRSFX- Corkscrew Crash8.ogg"": ""res://assets/battles/animations/corkscrewcrash/PRSFX- Corkscrew Crash8.ogg"", ""PRSFX- Corkscrew Crash9.ogg"": ""res://assets/battles/animations/corkscrewcrash/PRSFX- Corkscrew Crash9.ogg""}"
devastatingdrake,Devastating Drake,z,devastating-drake--physical; devastating-drake--special,physical; special,dragon,special_projectile,imported_sheet,,True,not_implemented_in_move_driver,Z-Power-activatie bestaat; specifieke Z-aanval ontbreekt,False,res://assets/battles/animations/devastatingdrake/devastatingdrake.json,res://assets/battles/animations/devastatingdrake/PRAS- Devastating Drake.png,res://assets/battles/animations/devastatingdrake/PRAS- Dragon Fire BG.png,res://assets/battles/animations/bloomdoom/PRAS- Flash FG.png,0,61,20,1.0,3.1,5,PRSFX- Devastating Drake1; PRSFX- Devastating Drake2.wav; PRSFX- Devastating Drake3,"{""PRSFX- Devastating Drake1"": ""res://assets/battles/animations/devastatingdrake/PRSFX- Devastating Drake1.wav"", ""PRSFX- Devastating Drake2.wav"": ""res://assets/battles/animations/devastatingdrake/PRSFX- Devastating Drake2.wav"", ""PRSFX- Devastating Drake3"": ""res://assets/battles/animations/devastatingdrake/PRSFX- Devastating Drake3.wav""}"
extremeevoboost,Extreme Evoboost,z,extreme-evoboost,status,normal,status_buff,imported_sheet,,True,not_implemented_in_move_driver,Z-Power-activatie bestaat; specifieke Z-aanval ontbreekt,False,res://assets/battles/animations/extremeevoboost/extremeevoboost.json,res://assets/battles/animations/extremeevoboost/PRAS- Extreme Evoboost.png,,,0,84,20,0.94,4.521,4,; PRSFX- Extreme Evoboost1.wav; PRSFX- Extreme Evoboost2.wav; PRSFX- Extreme Evoboost3.wav,"{""PRSFX- Extreme Evoboost1.wav"": ""res://assets/battles/animations/extremeevoboost/PRSFX- Extreme Evoboost1.wav"", ""PRSFX- Extreme Evoboost2.wav"": ""res://assets/battles/animations/extremeevoboost/PRSFX- Extreme Evoboost2.wav"", ""PRSFX- Extreme Evoboost3.wav"": ""res://assets/battles/animations/extremeevoboost/PRSFX- Extreme Evoboost3.wav""}"
genesissupernova,Genesis Supernova,z,genesis-supernova,special,psychic,special_projectile,imported_sheet,,True,not_implemented_in_move_driver,Z-Power-activatie bestaat; specifieke Z-aanval ontbreekt,False,res://assets/battles/animations/genesissupernova/genesissupernova.json,res://assets/battles/animations/genesissupernova/PRAS- Genesis Supernova.png,res://assets/battles/animations/blackholeeclipse/PRAS- Space BG.png,res://assets/battles/animations/genesissupernova/PRAS- Genesis Supernova BG.png,0,114,20,0.9,6.389,13,PRSFX- Genesis Supernova1.ogg; PRSFX- Genesis Supernova10.ogg; PRSFX- Genesis Supernova11.ogg; PRSFX- Genesis Supernova12.ogg; PRSFX- Genesis Supernova2.ogg; PRSFX- Genesis Supernova3.ogg; PRSFX- Genesis Supernova4.ogg; PRSFX- Genesis Supernova5.ogg; PRSFX- Genesis Supernova6.ogg; PRSFX- Genesis Supernova7.ogg; PRSFX- Genesis Supernova8.ogg; PRSFX- Genesis Supernova9.ogg,"{""PRSFX- Genesis Supernova1.ogg"": ""res://assets/battles/animations/genesissupernova/PRSFX- Genesis Supernova1.ogg"", ""PRSFX- Genesis Supernova10.ogg"": ""res://assets/battles/animations/genesissupernova/PRSFX- Genesis Supernova10.ogg"", ""PRSFX- Genesis Supernova11.ogg"": ""res://assets/battles/animations/genesissupernova/PRSFX- Genesis Supernova11.ogg"", ""PRSFX- Genesis Supernova12.ogg"": ""res://assets/battles/animations/genesissupernova/PRSFX- Genesis Supernova12.ogg"", ""PRSFX- Genesis Supernova2.ogg"": ""res://assets/battles/animations/genesissupernova/PRSFX- Genesis Supernova2.ogg"", ""PRSFX- Genesis Supernova3.ogg"": ""res://assets/battles/animations/genesissupernova/PRSFX- Genesis Supernova3.ogg"", ""PRSFX- Genesis Supernova4.ogg"": ""res://assets/battles/animations/genesissupernova/PRSFX- Genesis Supernova4.ogg"", ""PRSFX- Genesis Supernova5.ogg"": ""res://assets/battles/animations/genesissupernova/PRSFX- Genesis Supernova5.ogg"", ""PRSFX- Genesis Supernova6.ogg"": ""res://assets/battles/animations/genesissupernova/PRSFX- Genesis Supernova6.ogg"", ""PRSFX- Genesis Supernova7.ogg"": ""res://assets/battles/animations/genesissupernova/PRSFX- Genesis Supernova7.ogg"", ""PRSFX- Genesis Supernova8.ogg"": ""res://assets/battles/animations/genesissupernova/PRSFX- Genesis Supernova8.ogg"", ""PRSFX- Genesis Supernova9.ogg"": ""res://assets/battles/animations/genesissupernova/PRSFX- Genesis Supernova9.ogg""}"
gigavolthavoc,Gigavolt Havoc,z,gigavolt-havoc--physical; gigavolt-havoc--special,physical; special,electric,special_projectile,imported_sheet,electric_switch,False,not_implemented_in_move_driver,Z-Power-activatie bestaat; specifieke Z-aanval ontbreekt,False,res://assets/battles/animations/gigavolthavoc/gigavolthavoc.json,res://assets/battles/animations/electricterrain/PRAS- Electric.png,res://assets/battles/animations/catastropika/PRAS- Thunder BG.png,res://assets/battles/animations/bloomdoom/PRAS- Flash FG.png,0,49,20,0.9,2.778,8,PRSFX- Gigavolt Havoc1.wav; PRSFX- Gigavolt Havoc2.wav; PRSFX- Gigavolt Havoc3.wav,"{""PRSFX- Gigavolt Havoc1.wav"": ""res://assets/battles/animations/gigavolthavoc/PRSFX- Gigavolt Havoc1.wav"", ""PRSFX- Gigavolt Havoc2.wav"": ""res://assets/battles/animations/gigavolthavoc/PRSFX- Gigavolt Havoc2.wav"", ""PRSFX- Gigavolt Havoc3.wav"": ""res://assets/battles/animations/gigavolthavoc/PRSFX- Gigavolt Havoc3.wav""}"
guardianofalola,Guardian of Alola,z,guardian-of-alola,special,fairy,field_impact,imported_sheet,,True,not_implemented_in_move_driver,Z-Power-activatie bestaat; specifieke Z-aanval ontbreekt,False,res://assets/battles/animations/guardianofalola/guardianofalola.json,res://assets/battles/animations/guardianofalola/PRAS- GOA.png,,,0,65,20,0.94,3.511,4,PRSFX- Gaurdian of Alola1.ogg; PRSFX- Gaurdian of Alola2.ogg,"{""PRSFX- Gaurdian of Alola1.ogg"": ""res://assets/battles/animations/guardianofalola/PRSFX- Gaurdian of Alola1.ogg"", ""PRSFX- Gaurdian of Alola2.ogg"": ""res://assets/battles/animations/guardianofalola/PRSFX- Gaurdian of Alola2.ogg""}"
hydrovortex,Hydro Vortex,z,hydro-vortex--physical; hydro-vortex--special,physical; special,water,special_projectile,imported_sheet,,True,not_implemented_in_move_driver,Z-Power-activatie bestaat; specifieke Z-aanval ontbreekt,False,res://assets/battles/animations/hydrovortex/hydrovortex.json,res://assets/battles/animations/bubble/PRAS- Water.png,res://assets/battles/animations/hydrovortex/PRAS- Underwater BG.png,res://assets/battles/animations/hydrovortex/PRAS- Surf FG.png,0,50,20,1.0,2.55,7,PRSFX- Hydro Vortex1.wav; PRSFX- Hydro Vortex2.wav; PRSFX- Hydro Vortex3.wav,"{""PRSFX- Hydro Vortex1.wav"": ""res://assets/battles/animations/hydrovortex/PRSFX- Hydro Vortex1.wav"", ""PRSFX- Hydro Vortex2.wav"": ""res://assets/battles/animations/hydrovortex/PRSFX- Hydro Vortex2.wav"", ""PRSFX- Hydro Vortex3.wav"": ""res://assets/battles/animations/hydrovortex/PRSFX- Hydro Vortex3.wav""}"
infernooverdrive,Inferno Overdrive,z,inferno-overdrive--physical; inferno-overdrive--special,physical; special,fire,special_projectile,imported_sheet,,True,not_implemented_in_move_driver,Z-Power-activatie bestaat; specifieke Z-aanval ontbreekt,False,res://assets/battles/animations/infernooverdrive/infernooverdrive.json,res://assets/battles/animations/ember/PRAS- Fire.png,res://assets/battles/animations/earthpower/PRAS- Burning BG.png,res://assets/battles/animations/explosion/PRAS- Fire BG.png,0,51,20,1.0,2.6,13,PRSFX- Inferno Overdrive1.wav; PRSFX- Inferno Overdrive2.wav; PRSFX- Inferno Overdrive3; PRSFX- Inferno Overdrive3.wav; PRSFX- Inferno Overdrive4.wav; PRSFX- Inferno Overdrive5; PRSFX- Inferno Overdrive5.wav,"{""PRSFX- Inferno Overdrive1.wav"": ""res://assets/battles/animations/infernooverdrive/PRSFX- Inferno Overdrive1.wav"", ""PRSFX- Inferno Overdrive2.wav"": ""res://assets/battles/animations/infernooverdrive/PRSFX- Inferno Overdrive2.wav"", ""PRSFX- Inferno Overdrive3"": ""res://assets/battles/animations/infernooverdrive/PRSFX- Inferno Overdrive3.wav"", ""PRSFX- Inferno Overdrive3.wav"": ""res://assets/battles/animations/infernooverdrive/PRSFX- Inferno Overdrive3.wav"", ""PRSFX- Inferno Overdrive4.wav"": ""res://assets/battles/animations/infernooverdrive/PRSFX- Inferno Overdrive4.wav"", ""PRSFX- Inferno Overdrive5"": ""res://assets/battles/animations/infernooverdrive/PRSFX- Inferno Overdrive5.wav"", ""PRSFX- Inferno Overdrive5.wav"": ""res://assets/battles/animations/infernooverdrive/PRSFX- Inferno Overdrive5.wav""}"
letssnuggleforever,Let’s Snuggle Forever,z,lets-snuggle-forever,physical,fairy,physical_contact,imported_sheet,,True,not_implemented_in_move_driver,Z-Power-activatie bestaat; specifieke Z-aanval ontbreekt,False,res://assets/battles/animations/letssnuggleforever/letssnuggleforever.json,res://assets/battles/animations/letssnuggleforever/PRAS- Lets Snuggle Forever.png,,,0,127,20,0.9,7.111,27,PRSFX- Let's Snuggle Forever1.ogg; PRSFX- Let's Snuggle Forever10.ogg; PRSFX- Let's Snuggle Forever11.ogg; PRSFX- Let's Snuggle Forever12.ogg; PRSFX- Let's Snuggle Forever2.ogg; PRSFX- Let's Snuggle Forever3.ogg; PRSFX- Let's Snuggle Forever4.ogg; PRSFX- Let's Snuggle Forever5.ogg; PRSFX- Let's Snuggle Forever6.ogg; PRSFX- Let's Snuggle Forever7.ogg; PRSFX- Let's Snuggle Forever8.ogg; PRSFX- Let's Snuggle Forever9.ogg,"{""PRSFX- Let's Snuggle Forever1.ogg"": ""res://assets/battles/animations/letssnuggleforever/PRSFX- Let's Snuggle Forever1.ogg"", ""PRSFX- Let's Snuggle Forever10.ogg"": ""res://assets/battles/animations/letssnuggleforever/PRSFX- Let's Snuggle Forever10.ogg"", ""PRSFX- Let's Snuggle Forever11.ogg"": ""res://assets/battles/animations/letssnuggleforever/PRSFX- Let's Snuggle Forever11.ogg"", ""PRSFX- Let's Snuggle Forever12.ogg"": ""res://assets/battles/animations/letssnuggleforever/PRSFX- Let's Snuggle Forever12.ogg"", ""PRSFX- Let's Snuggle Forever2.ogg"": ""res://assets/battles/animations/letssnuggleforever/PRSFX- Let's Snuggle Forever2.ogg"", ""PRSFX- Let's Snuggle Forever3.ogg"": ""res://assets/battles/animations/letssnuggleforever/PRSFX- Let's Snuggle Forever3.ogg"", ""PRSFX- Let's Snuggle Forever4.ogg"": ""res://assets/battles/animations/letssnuggleforever/PRSFX- Let's Snuggle Forever4.ogg"", ""PRSFX- Let's Snuggle Forever5.ogg"": ""res://assets/battles/animations/letssnuggleforever/PRSFX- Let's Snuggle Forever5.ogg"", ""PRSFX- Let's Snuggle Forever6.ogg"": ""res://assets/battles/animations/letssnuggleforever/PRSFX- Let's Snuggle Forever6.ogg"", ""PRSFX- Let's Snuggle Forever7.ogg"": ""res://assets/battles/animations/letssnuggleforever/PRSFX- Let's Snuggle Forever7.ogg"", ""PRSFX- Let's Snuggle Forever8.ogg"": ""res://assets/battles/animations/letssnuggleforever/PRSFX- Let's Snuggle Forever8.ogg"", ""PRSFX- Let's Snuggle Forever9.ogg"": ""res://assets/battles/animations/letssnuggleforever/PRSFX- Let's Snuggle Forever9.ogg""}"
lightthatburnsthesky,Light That Burns the Sky,z,light-that-burns-the-sky,special,psychic,special_projectile,imported_sheet,,True,not_implemented_in_move_driver,Z-Power-activatie bestaat; specifieke Z-aanval ontbreekt,False,res://assets/battles/animations/lightthatburnsthesky/lightthatburnsthesky.json,res://assets/battles/animations/lightthatburnsthesky/PRAS- Light that Burns the Sky.png,res://assets/battles/animations/lightthatburnsthesky/PRAS- LTBTS BG1.png,res://assets/battles/animations/blackholeeclipse/PRAS- Black BG.png,0,119,20,0.9,6.667,12,PRSFX- LTBTS1.wav; PRSFX- LTBTS2.wav; PRSFX- LTBTS3.wav; PRSFX- LTBTS4.wav,"{""PRSFX- LTBTS1.wav"": ""res://assets/battles/animations/lightthatburnsthesky/PRSFX- LTBTS1.wav"", ""PRSFX- LTBTS2.wav"": ""res://assets/battles/animations/lightthatburnsthesky/PRSFX- LTBTS2.wav"", ""PRSFX- LTBTS3.wav"": ""res://assets/battles/animations/lightthatburnsthesky/PRSFX- LTBTS3.wav"", ""PRSFX- LTBTS4.wav"": ""res://assets/battles/animations/lightthatburnsthesky/PRSFX- LTBTS4.wav""}"
maliciousmoonsault,Malicious Moonsault,z,malicious-moonsault,physical,dark,physical_contact,imported_sheet,,True,not_implemented_in_move_driver,Z-Power-activatie bestaat; specifieke Z-aanval ontbreekt,False,res://assets/battles/animations/maliciousmoonsault/maliciousmoonsault.json,res://assets/battles/animations/ember/PRAS- Fire.png,res://assets/battles/animations/maliciousmoonsault/PRAS- Malicious Moonsault BG.png,res://assets/battles/animations/maliciousmoonsault/PRAS- Speed Up BG.png,0,52,20,0.92,2.88,9,PRSFX- Malicious Moonsault1.ogg; PRSFX- Malicious Moonsault2.ogg; PRSFX- Malicious Moonsault3.ogg; PRSFX- Malicious Moonsault4.ogg; PRSFX- Malicious Moonsault5.ogg; PRSFX- Malicious Moonsault6.ogg,"{""PRSFX- Malicious Moonsault1.ogg"": ""res://assets/battles/animations/maliciousmoonsault/PRSFX- Malicious Moonsault1.ogg"", ""PRSFX- Malicious Moonsault2.ogg"": ""res://assets/battles/animations/maliciousmoonsault/PRSFX- Malicious Moonsault2.ogg"", ""PRSFX- Malicious Moonsault3.ogg"": ""res://assets/battles/animations/maliciousmoonsault/PRSFX- Malicious Moonsault3.ogg"", ""PRSFX- Malicious Moonsault4.ogg"": ""res://assets/battles/animations/maliciousmoonsault/PRSFX- Malicious Moonsault4.ogg"", ""PRSFX- Malicious Moonsault5.ogg"": ""res://assets/battles/animations/maliciousmoonsault/PRSFX- Malicious Moonsault5.ogg"", ""PRSFX- Malicious Moonsault6.ogg"": ""res://assets/battles/animations/maliciousmoonsault/PRSFX- Malicious Moonsault6.ogg""}"
menacingmoonrazemaelstrom,Menacing Moonraze Maelstrom,z,menacing-moonraze-maelstrom,special,ghost,special_projectile,imported_sheet,,True,not_implemented_in_move_driver,Z-Power-activatie bestaat; specifieke Z-aanval ontbreekt,False,res://assets/battles/animations/menacingmoonrazemaelstrom/menacingmoonrazemaelstrom.json,res://assets/battles/animations/menacingmoonrazemaelstrom/PRAS- SunMoonZ.png,res://assets/battles/animations/blackholeeclipse/PRAS- Space BG.png,res://assets/battles/animations/bloomdoom/PRAS- Flash FG.png,0,49,20,0.9,2.778,5,; PRSFX- MMM1.ogg; PRSFX- MMM3.ogg; PRSFX- MMM4.ogg; PRSFX- SSS1.ogg,"{""PRSFX- MMM1.ogg"": ""res://assets/battles/animations/menacingmoonrazemaelstrom/PRSFX- MMM1.ogg"", ""PRSFX- MMM3.ogg"": ""res://assets/battles/animations/menacingmoonrazemaelstrom/PRSFX- MMM3.ogg"", ""PRSFX- MMM4.ogg"": ""res://assets/battles/animations/menacingmoonrazemaelstrom/PRSFX- MMM4.ogg"", ""PRSFX- SSS1.ogg"": ""res://assets/battles/animations/menacingmoonrazemaelstrom/PRSFX- SSS1.ogg""}"
neverendingnightmare,Never-Ending Nightmare,z,never-ending-nightmare--physical; never-ending-nightmare--special,physical; special,ghost,special_projectile,imported_sheet,,True,not_implemented_in_move_driver,Z-Power-activatie bestaat; specifieke Z-aanval ontbreekt,False,res://assets/battles/animations/neverendingnightmare/neverendingnightmare.json,res://assets/battles/animations/neverendingnightmare/PRAS- NeverEndingNightmare.png,res://assets/battles/animations/neverendingnightmare/PRAS- NeverEndingNightmare BG.png,res://assets/battles/animations/blackholeeclipse/PRAS- Black BG.png,0,94,20,1.0,4.75,6,PRSFX- NeverEndingNightmare1.wav; PRSFX- NeverEndingNightmare2.wav; PRSFX- NeverEndingNightmare3.wav; PRSFX- NeverEndingNightmare4.wav; PRSFX- NeverEndingNightmare5.wav; PRSFX- NeverEndingNightmare6.wav,"{""PRSFX- NeverEndingNightmare1.wav"": ""res://assets/battles/animations/neverendingnightmare/PRSFX- NeverEndingNightmare1.wav"", ""PRSFX- NeverEndingNightmare2.wav"": ""res://assets/battles/animations/neverendingnightmare/PRSFX- NeverEndingNightmare2.wav"", ""PRSFX- NeverEndingNightmare3.wav"": ""res://assets/battles/animations/neverendingnightmare/PRSFX- NeverEndingNightmare3.wav"", ""PRSFX- NeverEndingNightmare4.wav"": ""res://assets/battles/animations/neverendingnightmare/PRSFX- NeverEndingNightmare4.wav"", ""PRSFX- NeverEndingNightmare5.wav"": ""res://assets/battles/animations/neverendingnightmare/PRSFX- NeverEndingNightmare5.wav"", ""PRSFX- NeverEndingNightmare6.wav"": ""res://assets/battles/animations/neverendingnightmare/PRSFX- NeverEndingNightmare6.wav""}"
oceanicoperetta,Oceanic Operetta,z,oceanic-operetta,special,water,special_projectile,imported_sheet,,True,not_implemented_in_move_driver,Z-Power-activatie bestaat; specifieke Z-aanval ontbreekt,False,res://assets/battles/animations/oceanicoperetta/oceanicoperetta.json,res://assets/battles/animations/oceanicoperetta/PRAS- Oceanic Operetta.png,res://assets/battles/animations/oceanicoperetta/PRAS- Oceanic Operetta BG.png,,0,64,20,1.0,3.25,6,; PRSFX- Oceanic Operetta1.wav; PRSFX- Oceanic Operetta2.wav; PRSFX- Oceanic Operetta3.wav; PRSFX- Oceanic Operetta4.wav,"{""PRSFX- Oceanic Operetta1.wav"": ""res://assets/battles/animations/oceanicoperetta/PRSFX- Oceanic Operetta1.wav"", ""PRSFX- Oceanic Operetta2.wav"": ""res://assets/battles/animations/oceanicoperetta/PRSFX- Oceanic Operetta2.wav"", ""PRSFX- Oceanic Operetta3.wav"": ""res://assets/battles/animations/oceanicoperetta/PRSFX- Oceanic Operetta3.wav"", ""PRSFX- Oceanic Operetta4.wav"": ""res://assets/battles/animations/oceanicoperetta/PRSFX- Oceanic Operetta4.wav""}"
pulverizingpancake,Pulverizing Pancake,z,pulverizing-pancake,physical,normal,physical_contact,imported_sheet,,True,not_implemented_in_move_driver,Z-Power-activatie bestaat; specifieke Z-aanval ontbreekt,False,res://assets/battles/animations/pulverizingpancake/pulverizingpancake.json,res://assets/battles/animations/pulverizingpancake/PRAS- Pulverizing Pancake.png,res://assets/battles/animations/pulverizingpancake/PRAS- Pulverizing Pancake BG.png,res://assets/battles/animations/bloomdoom/PRAS- Flash FG.png,0,88,20,0.9,4.944,7,PRSFX- Pulverizing Pancake1.wav; PRSFX- Pulverizing Pancake2.wav; PRSFX- Pulverizing Pancake3.wav; PRSFX- Pulverizing Pancake4.wav; PRSFX- Pulverizing Pancake5.wav; PRSFX- Sleep.wav,"{""PRSFX- Pulverizing Pancake1.wav"": ""res://assets/battles/animations/pulverizingpancake/PRSFX- Pulverizing Pancake1.wav"", ""PRSFX- Pulverizing Pancake2.wav"": ""res://assets/battles/animations/pulverizingpancake/PRSFX- Pulverizing Pancake2.wav"", ""PRSFX- Pulverizing Pancake3.wav"": ""res://assets/battles/animations/pulverizingpancake/PRSFX- Pulverizing Pancake3.wav"", ""PRSFX- Pulverizing Pancake4.wav"": ""res://assets/battles/animations/pulverizingpancake/PRSFX- Pulverizing Pancake4.wav"", ""PRSFX- Pulverizing Pancake5.wav"": ""res://assets/battles/animations/pulverizingpancake/PRSFX- Pulverizing Pancake5.wav"", ""PRSFX- Sleep.wav"": ""res://assets/battles/animations/pulverizingpancake/PRSFX- Sleep.wav""}"
savagespinout,Savage Spin-Out,z,savage-spin-out--physical; savage-spin-out--special,physical; special,bug,physical,imported_sheet,,True,not_implemented_in_move_driver,Z-Power-activatie bestaat; specifieke Z-aanval ontbreekt,False,res://assets/battles/animations/savagespinout/savagespinout.json,res://assets/battles/animations/savagespinout/PRAS- Savage Spin Out.png,res://assets/battles/animations/savagespinout/PRAS- Guillotine BG.png,res://assets/battles/animations/blackholeeclipse/PRAS- Black BG.png,0,97,20,1.0,4.9,18,PRSFX- SSO1.ogg; PRSFX- SSO10.ogg; PRSFX- SSO11.ogg; PRSFX- SSO12.ogg; PRSFX- SSO13.ogg; PRSFX- SSO2.ogg; PRSFX- SSO3.ogg; PRSFX- SSO4.ogg; PRSFX- SSO5.ogg; PRSFX- SSO6.ogg; PRSFX- SSO7.ogg; PRSFX- SSO8.ogg; PRSFX- SSO9.ogg,"{""PRSFX- SSO1.ogg"": ""res://assets/battles/animations/savagespinout/PRSFX- SSO1.ogg"", ""PRSFX- SSO10.ogg"": ""res://assets/battles/animations/savagespinout/PRSFX- SSO10.ogg"", ""PRSFX- SSO11.ogg"": ""res://assets/battles/animations/savagespinout/PRSFX- SSO11.ogg"", ""PRSFX- SSO12.ogg"": ""res://assets/battles/animations/savagespinout/PRSFX- SSO12.ogg"", ""PRSFX- SSO13.ogg"": ""res://assets/battles/animations/savagespinout/PRSFX- SSO13.ogg"", ""PRSFX- SSO2.ogg"": ""res://assets/battles/animations/savagespinout/PRSFX- SSO2.ogg"", ""PRSFX- SSO3.ogg"": ""res://assets/battles/animations/savagespinout/PRSFX- SSO3.ogg"", ""PRSFX- SSO4.ogg"": ""res://assets/battles/animations/savagespinout/PRSFX- SSO4.ogg"", ""PRSFX- SSO5.ogg"": ""res://assets/battles/animations/savagespinout/PRSFX- SSO5.ogg"", ""PRSFX- SSO6.ogg"": ""res://assets/battles/animations/savagespinout/PRSFX- SSO6.ogg"", ""PRSFX- SSO7.ogg"": ""res://assets/battles/animations/savagespinout/PRSFX- SSO7.ogg"", ""PRSFX- SSO8.ogg"": ""res://assets/battles/animations/savagespinout/PRSFX- SSO8.ogg"", ""PRSFX- SSO9.ogg"": ""res://assets/battles/animations/savagespinout/PRSFX- SSO9.ogg""}"
searingsunrazesmash,Searing Sunraze Smash,z,searing-sunraze-smash,physical,steel,physical_contact,imported_sheet,,True,not_implemented_in_move_driver,Z-Power-activatie bestaat; specifieke Z-aanval ontbreekt,False,res://assets/battles/animations/searingsunrazesmash/searingsunrazesmash.json,res://assets/battles/animations/menacingmoonrazemaelstrom/PRAS- SunMoonZ.png,res://assets/battles/animations/blackholeeclipse/PRAS- Space BG.png,res://assets/battles/animations/explosion/PRAS- Fire BG.png,0,54,20,0.92,2.989,5,; PRSFX- SSS1.ogg; PRSFX- Searing Sunraze Smash1.ogg; PRSFX- Searing Sunraze Smash2.ogg; PRSFX- Searing Sunraze Smash3.ogg,"{""PRSFX- SSS1.ogg"": ""res://assets/battles/animations/searingsunrazesmash/PRSFX- SSS1.ogg"", ""PRSFX- Searing Sunraze Smash1.ogg"": ""res://assets/battles/animations/searingsunrazesmash/PRSFX- Searing Sunraze Smash1.ogg"", ""PRSFX- Searing Sunraze Smash2.ogg"": ""res://assets/battles/animations/searingsunrazesmash/PRSFX- Searing Sunraze Smash2.ogg"", ""PRSFX- Searing Sunraze Smash3.ogg"": ""res://assets/battles/animations/searingsunrazesmash/PRSFX- Searing Sunraze Smash3.ogg""}"
shatteredpsyche,Shattered Psyche,z,shattered-psyche--physical; shattered-psyche--special,physical; special,psychic,special_projectile,imported_sheet,,True,not_implemented_in_move_driver,Z-Power-activatie bestaat; specifieke Z-aanval ontbreekt,False,res://assets/battles/animations/shatteredpsyche/shatteredpsyche.json,res://assets/battles/animations/shatteredpsyche/PRAS- Shattered Psyche.png,,res://assets/battles/animations/blackholeeclipse/PRAS- Black BG.png,0,59,20,0.94,3.191,3,PRSFX- Shattered Psyche1.wav; PRSFX- Shattered Psyche2.wav; PRSFX- Shattered Psyche3.wav,"{""PRSFX- Shattered Psyche1.wav"": ""res://assets/battles/animations/shatteredpsyche/PRSFX- Shattered Psyche1.wav"", ""PRSFX- Shattered Psyche2.wav"": ""res://assets/battles/animations/shatteredpsyche/PRSFX- Shattered Psyche2.wav"", ""PRSFX- Shattered Psyche3.wav"": ""res://assets/battles/animations/shatteredpsyche/PRSFX- Shattered Psyche3.wav""}"
sinisterarrowraid,Sinister Arrow Raid,z,sinister-arrow-raid,physical,ghost,special_projectile,imported_sheet,,True,not_implemented_in_move_driver,Z-Power-activatie bestaat; specifieke Z-aanval ontbreekt,False,res://assets/battles/animations/sinisterarrowraid/sinisterarrowraid.json,res://assets/battles/animations/sinisterarrowraid/PRAS- Sinister Arrow Raid.png,res://assets/battles/animations/sinisterarrowraid/PRAS- Curse BG.png,res://assets/battles/animations/bloomdoom/PRAS- Flash FG.png,0,39,20,0.94,2.128,12,PRSFX- SinisterArrowRaid1.wav; PRSFX- SinisterArrowRaid2.wav; PRSFX- SinisterArrowRaid3.wav; PRSFX- SinisterArrowRaid4.wav; PRSFX- SinisterArrowRaid5.wav,"{""PRSFX- SinisterArrowRaid1.wav"": ""res://assets/battles/animations/sinisterarrowraid/PRSFX- SinisterArrowRaid1.wav"", ""PRSFX- SinisterArrowRaid2.wav"": ""res://assets/battles/animations/sinisterarrowraid/PRSFX- SinisterArrowRaid2.wav"", ""PRSFX- SinisterArrowRaid3.wav"": ""res://assets/battles/animations/sinisterarrowraid/PRSFX- SinisterArrowRaid3.wav"", ""PRSFX- SinisterArrowRaid4.wav"": ""res://assets/battles/animations/sinisterarrowraid/PRSFX- SinisterArrowRaid4.wav"", ""PRSFX- SinisterArrowRaid5.wav"": ""res://assets/battles/animations/sinisterarrowraid/PRSFX- SinisterArrowRaid5.wav""}"
soulstealing7starstrike,Soul-Stealing 7-Star Strike,z,soul-stealing-7-star-strike,physical,ghost,physical_contact,imported_sheet,,True,not_implemented_in_move_driver,Z-Power-activatie bestaat; specifieke Z-aanval ontbreekt,False,res://assets/battles/animations/soulstealing7starstrike/soulstealing7starstrike.json,res://assets/battles/animations/soulstealing7starstrike/PRAS- Soul-Stealing 7-Star Strike.png,res://assets/battles/animations/soulstealing7starstrike/PRAS- Soul-Stealing 7-Star Strike BG.png,,0,90,20,0.9,5.056,12,PRSFX- S-S7-SS1.ogg; PRSFX- S-S7-SS2.ogg; PRSFX- S-S7-SS3.ogg; PRSFX- S-S7-SS4.ogg; PRSFX- S-S7-SS5.ogg; PRSFX- S-S7-SS6.ogg; PRSFX- S-S7-SS7.ogg,"{""PRSFX- S-S7-SS1.ogg"": ""res://assets/battles/animations/soulstealing7starstrike/PRSFX- S-S7-SS1.ogg"", ""PRSFX- S-S7-SS2.ogg"": ""res://assets/battles/animations/soulstealing7starstrike/PRSFX- S-S7-SS2.ogg"", ""PRSFX- S-S7-SS3.ogg"": ""res://assets/battles/animations/soulstealing7starstrike/PRSFX- S-S7-SS3.ogg"", ""PRSFX- S-S7-SS4.ogg"": ""res://assets/battles/animations/soulstealing7starstrike/PRSFX- S-S7-SS4.ogg"", ""PRSFX- S-S7-SS5.ogg"": ""res://assets/battles/animations/soulstealing7starstrike/PRSFX- S-S7-SS5.ogg"", ""PRSFX- S-S7-SS6.ogg"": ""res://assets/battles/animations/soulstealing7starstrike/PRSFX- S-S7-SS6.ogg"", ""PRSFX- S-S7-SS7.ogg"": ""res://assets/battles/animations/soulstealing7starstrike/PRSFX- S-S7-SS7.ogg""}"
splinteredstormshards,Splintered Stormshards,z,splintered-stormshards,physical,rock,field_impact,imported_sheet,,True,not_implemented_in_move_driver,Z-Power-activatie bestaat; specifieke Z-aanval ontbreekt,False,res://assets/battles/animations/splinteredstormshards/splinteredstormshards.json,res://assets/battles/animations/splinteredstormshards/PRAS- Splintered Stormshards.png,res://assets/battles/animations/splinteredstormshards/PRAS- Magnitude BG.png,res://assets/battles/animations/bloomdoom/PRAS- Flash FG.png,0,59,20,0.92,3.261,10,; PRSFX- Splintered Stormshards1.ogg; PRSFX- Splintered Stormshards2.ogg; PRSFX- Splintered Stormshards3.ogg; PRSFX- Splintered Stormshards4.ogg,"{""PRSFX- Splintered Stormshards1.ogg"": ""res://assets/battles/animations/splinteredstormshards/PRSFX- Splintered Stormshards1.ogg"", ""PRSFX- Splintered Stormshards2.ogg"": ""res://assets/battles/animations/splinteredstormshards/PRSFX- Splintered Stormshards2.ogg"", ""PRSFX- Splintered Stormshards3.ogg"": ""res://assets/battles/animations/splinteredstormshards/PRSFX- Splintered Stormshards3.ogg"", ""PRSFX- Splintered Stormshards4.ogg"": ""res://assets/battles/animations/splinteredstormshards/PRSFX- Splintered Stormshards4.ogg""}"
stokedsparksurfer,Stoked Sparksurfer,z,stoked-sparksurfer,special,electric,special_projectile,imported_sheet,,True,not_implemented_in_move_driver,Z-Power-activatie bestaat; specifieke Z-aanval ontbreekt,False,res://assets/battles/animations/stokedsparksurfer/stokedsparksurfer.json,res://assets/battles/animations/electricterrain/PRAS- Electric.png,res://assets/battles/animations/electricterrain/PRAS- Electric Terrain BG.png,,0,118,20,0.92,6.467,9,PRSFX- Stoked Sparksurfer1.ogg; PRSFX- Stoked Sparksurfer2.ogg; PRSFX- Stoked Sparksurfer3.ogg; PRSFX- Stoked Sparksurfer4.ogg; PRSFX- Stoked Sparksurfer5.ogg; PRSFX- Stoked Sparksurfer6.ogg; PRSFX- Stoked Sparksurfer7.ogg,"{""PRSFX- Stoked Sparksurfer1.ogg"": ""res://assets/battles/animations/stokedsparksurfer/PRSFX- Stoked Sparksurfer1.ogg"", ""PRSFX- Stoked Sparksurfer2.ogg"": ""res://assets/battles/animations/stokedsparksurfer/PRSFX- Stoked Sparksurfer2.ogg"", ""PRSFX- Stoked Sparksurfer3.ogg"": ""res://assets/battles/animations/stokedsparksurfer/PRSFX- Stoked Sparksurfer3.ogg"", ""PRSFX- Stoked Sparksurfer4.ogg"": ""res://assets/battles/animations/stokedsparksurfer/PRSFX- Stoked Sparksurfer4.ogg"", ""PRSFX- Stoked Sparksurfer5.ogg"": ""res://assets/battles/animations/stokedsparksurfer/PRSFX- Stoked Sparksurfer5.ogg"", ""PRSFX- Stoked Sparksurfer6.ogg"": ""res://assets/battles/animations/stokedsparksurfer/PRSFX- Stoked Sparksurfer6.ogg"", ""PRSFX- Stoked Sparksurfer7.ogg"": ""res://assets/battles/animations/stokedsparksurfer/PRSFX- Stoked Sparksurfer7.ogg""}"
subzeroslammer,Subzero Slammer,z,subzero-slammer--physical; subzero-slammer--special,physical; special,ice,field_impact,imported_sheet,,True,not_implemented_in_move_driver,Z-Power-activatie bestaat; specifieke Z-aanval ontbreekt,False,res://assets/battles/animations/subzeroslammer/subzeroslammer.json,res://assets/battles/animations/blizzard/PRAS- Ice.png,res://assets/battles/animations/subzeroslammer/PRAS- Icy Wind BG.png,res://assets/battles/animations/blizzard/PRAS- Blizzard FG.png,0,54,20,0.92,2.989,11,PRSFX- Subzero Slammer1.wav; PRSFX- Subzero Slammer2.wav; PRSFX- Subzero Slammer3.wav; PRSFX- Subzero Slammer4.wav,"{""PRSFX- Subzero Slammer1.wav"": ""res://assets/battles/animations/subzeroslammer/PRSFX- Subzero Slammer1.wav"", ""PRSFX- Subzero Slammer2.wav"": ""res://assets/battles/animations/subzeroslammer/PRSFX- Subzero Slammer2.wav"", ""PRSFX- Subzero Slammer3.wav"": ""res://assets/battles/animations/subzeroslammer/PRSFX- Subzero Slammer3.wav"", ""PRSFX- Subzero Slammer4.wav"": ""res://assets/battles/animations/subzeroslammer/PRSFX- Subzero Slammer4.wav""}"
supersonicskystrike,Supersonic Skystrike,z,supersonic-skystrike--physical; supersonic-skystrike--special,physical; special,flying,physical_projectile,imported_sheet,,True,not_implemented_in_move_driver,Z-Power-activatie bestaat; specifieke Z-aanval ontbreekt,False,res://assets/battles/animations/supersonicskystrike/supersonicskystrike.json,res://assets/battles/animations/supersonicskystrike/PRAS- Brave Bird.png,,res://assets/battles/animations/bloomdoom/PRAS- Flash FG.png,0,105,20,1.0,5.3,7,Explosion; PRSFX- Brave Bird1.wav; PRSFX- Brave Bird2; PRSFX- Brave Bird2.wav,"{""Explosion"": ""res://assets/battles/animations/supersonicskystrike/Explosion.ogg"", ""PRSFX- Brave Bird1.wav"": ""res://assets/battles/animations/supersonicskystrike/PRSFX- Brave Bird1.wav"", ""PRSFX- Brave Bird2"": ""res://assets/battles/animations/supersonicskystrike/PRSFX- Brave Bird2.wav"", ""PRSFX- Brave Bird2.wav"": ""res://assets/battles/animations/supersonicskystrike/PRSFX- Brave Bird2.wav""}"
tectonicrage,Tectonic Rage,z,tectonic-rage--physical; tectonic-rage--special,physical; special,ground,field_impact,imported_sheet,,True,not_implemented_in_move_driver,Z-Power-activatie bestaat; specifieke Z-aanval ontbreekt,False,res://assets/battles/animations/tectonicrage/tectonicrage.json,res://assets/battles/animations/tectonicrage/PRAS- Tectonic Rage.png,res://assets/battles/animations/tectonicrage/PRAS- Tectonic Rage BG.png,res://assets/battles/animations/savagespinout/PRAS- Guillotine BG.png,0,96,20,1.0,4.85,10,PRSFX- Tectonic Rage1.ogg; PRSFX- Tectonic Rage2.ogg; PRSFX- Tectonic Rage3.ogg; PRSFX- Tectonic Rage4.ogg; PRSFX- Tectonic Rage5.ogg; PRSFX- Tectonic Rage6.ogg,"{""PRSFX- Tectonic Rage1.ogg"": ""res://assets/battles/animations/tectonicrage/PRSFX- Tectonic Rage1.ogg"", ""PRSFX- Tectonic Rage2.ogg"": ""res://assets/battles/animations/tectonicrage/PRSFX- Tectonic Rage2.ogg"", ""PRSFX- Tectonic Rage3.ogg"": ""res://assets/battles/animations/tectonicrage/PRSFX- Tectonic Rage3.ogg"", ""PRSFX- Tectonic Rage4.ogg"": ""res://assets/battles/animations/tectonicrage/PRSFX- Tectonic Rage4.ogg"", ""PRSFX- Tectonic Rage5.ogg"": ""res://assets/battles/animations/tectonicrage/PRSFX- Tectonic Rage5.ogg"", ""PRSFX- Tectonic Rage6.ogg"": ""res://assets/battles/animations/tectonicrage/PRSFX- Tectonic Rage6.ogg""}"
twinkletackle,Twinkle Tackle,z,twinkle-tackle--physical; twinkle-tackle--special,physical; special,fairy,physical_contact,imported_sheet,,True,not_implemented_in_move_driver,Z-Power-activatie bestaat; specifieke Z-aanval ontbreekt,False,res://assets/battles/animations/twinkletackle/twinkletackle.json,res://assets/battles/animations/twinkletackle/PRAS- Twinkle Tackle.png,res://assets/battles/animations/twinkletackle/PRAS- Attract BG.png,res://assets/battles/animations/twinkletackle/PRAS- Twinkle Tackle FG.png,0,68,20,0.95,3.632,5,PRSFX- Twinkle Tackle1.wav; PRSFX- Twinkle Tackle2.wav; PRSFX- Twinkle Tackle3.wav; PRSFX- Twinkle Tackle4.wav,"{""PRSFX- Twinkle Tackle1.wav"": ""res://assets/battles/animations/twinkletackle/PRSFX- Twinkle Tackle1.wav"", ""PRSFX- Twinkle Tackle2.wav"": ""res://assets/battles/animations/twinkletackle/PRSFX- Twinkle Tackle2.wav"", ""PRSFX- Twinkle Tackle3.wav"": ""res://assets/battles/animations/twinkletackle/PRSFX- Twinkle Tackle3.wav""}"
